Insert into CALCULATION_ENGINE (CALCULATION_ENGINE_CD,CALCULATION_ENGINE_NM,CALCULATION_ENGINE_TYPE_CD,CREATE_ID,CREATE_TS,UPDATE_ID,UPDATE_TS) values ('TIPS','TIPS Income','INCOME','SECYLDOPSDEV02',to_timestamp('27-DEC-16 12.39.07.000000000 PM','DD-MON-RR HH.MI.SSXFF AM'),null,null);
Insert into CALCULATION_ENGINE (CALCULATION_ENGINE_CD,CALCULATION_ENGINE_NM,CALCULATION_ENGINE_TYPE_CD,CREATE_ID,CREATE_TS,UPDATE_ID,UPDATE_TS) values ('COUPON','Coupon Income','INCOME','SECYLDOPSDEV02',to_timestamp('27-DEC-16 12.39.07.000000000 PM','DD-MON-RR HH.MI.SSXFF AM'),null,null);
Insert into CALCULATION_ENGINE (CALCULATION_ENGINE_CD,CALCULATION_ENGINE_NM,CALCULATION_ENGINE_TYPE_CD,CREATE_ID,CREATE_TS,UPDATE_ID,UPDATE_TS) values ('STANDARD','Standard Income','INCOME','SECYLDOPSDEV02',to_timestamp('27-DEC-16 12.39.07.000000000 PM','DD-MON-RR HH.MI.SSXFF AM'),null,null);
Insert into CALCULATION_ENGINE (CALCULATION_ENGINE_CD,CALCULATION_ENGINE_NM,CALCULATION_ENGINE_TYPE_CD,CREATE_ID,CREATE_TS,UPDATE_ID,UPDATE_TS) values ('EQUITY','Equity Income','INCOME','SECYLDOPSDEV02',to_timestamp('27-DEC-16 12.39.07.000000000 PM','DD-MON-RR HH.MI.SSXFF AM'),null,null);
Insert into CALCULATION_ENGINE (CALCULATION_ENGINE_CD,CALCULATION_ENGINE_NM,CALCULATION_ENGINE_TYPE_CD,CREATE_ID,CREATE_TS,UPDATE_ID,UPDATE_TS) values ('PAYDOWN','Paydown Income','INCOME','SECYLDOPSDEV02',to_timestamp('27-DEC-16 12.39.08.000000000 PM','DD-MON-RR HH.MI.SSXFF AM'),null,null);
Insert into CALCULATION_ENGINE (CALCULATION_ENGINE_CD,CALCULATION_ENGINE_NM,CALCULATION_ENGINE_TYPE_CD,CREATE_ID,CREATE_TS,UPDATE_ID,UPDATE_TS) values ('YTM','YTM Yield','YIELD','SECYLDOPSDEV02',to_timestamp('27-DEC-16 12.39.08.000000000 PM','DD-MON-RR HH.MI.SSXFF AM'),null,null);
Insert into CALCULATION_ENGINE (CALCULATION_ENGINE_CD,CALCULATION_ENGINE_NM,CALCULATION_ENGINE_TYPE_CD,CREATE_ID,CREATE_TS,UPDATE_ID,UPDATE_TS) values ('COUP_RATE','Coupon Rate Yield','YIELD','SECYLDOPSDEV02',to_timestamp('27-DEC-16 12.39.08.000000000 PM','DD-MON-RR HH.MI.SSXFF AM'),null,null);
Insert into CALCULATION_ENGINE (CALCULATION_ENGINE_CD,CALCULATION_ENGINE_NM,CALCULATION_ENGINE_TYPE_CD,CREATE_ID,CREATE_TS,UPDATE_ID,UPDATE_TS) values ('CASH_FLOW','Cash Flow Yield','YIELD','SECYLDOPSDEV02',to_timestamp('27-DEC-16 12.39.08.000000000 PM','DD-MON-RR HH.MI.SSXFF AM'),null,null);
Insert into CALCULATION_ENGINE (CALCULATION_ENGINE_CD,CALCULATION_ENGINE_NM,CALCULATION_ENGINE_TYPE_CD,CREATE_ID,CREATE_TS,UPDATE_ID,UPDATE_TS) values ('DEFAULT','Default Yield','YIELD','SECYLDOPSDEV02',to_timestamp('27-DEC-16 12.39.08.000000000 PM','DD-MON-RR HH.MI.SSXFF AM'),null,null);
Insert into CALCULATION_ENGINE (CALCULATION_ENGINE_CD,CALCULATION_ENGINE_NM,CALCULATION_ENGINE_TYPE_CD,CREATE_ID,CREATE_TS,UPDATE_ID,UPDATE_TS) values ('DIVIDEND','Dividend Yield','YIELD','SECYLDOPSDEV02',to_timestamp('27-DEC-16 12.39.08.000000000 PM','DD-MON-RR HH.MI.SSXFF AM'),null,null);
Insert into CALCULATION_ENGINE (CALCULATION_ENGINE_CD,CALCULATION_ENGINE_NM,CALCULATION_ENGINE_TYPE_CD,CREATE_ID,CREATE_TS,UPDATE_ID,UPDATE_TS) values ('FOF','Fund of Fund Yield','YIELD','SECYLDOPSDEV02',to_timestamp('27-DEC-16 12.39.08.000000000 PM','DD-MON-RR HH.MI.SSXFF AM'),null,null);
Insert into CALCULATION_ENGINE (CALCULATION_ENGINE_CD,CALCULATION_ENGINE_NM,CALCULATION_ENGINE_TYPE_CD,CREATE_ID,CREATE_TS,UPDATE_ID,UPDATE_TS) values ('DEF_INC','Default Income','INCOME','SECYLDOPSDEV02',to_timestamp('27-DEC-16 12.39.08.000000000 PM','DD-MON-RR HH.MI.SSXFF AM'),null,null);

Insert into APPLICATION_USER (APPLICATION_USER_ID, CREATE_ID) values ('EXCEL_IMPORTOR', 'TESTER');
Insert into APPLICATION_USER (APPLICATION_USER_ID, CREATE_ID) values ('CALCULATOR', 'TESTER');

Insert into CALENDAR_DATE (CALENDAR_DT, CREATE_ID) values (TO_DATE('01/12/2014 00:00:00', 'dd/mm/yyyy hh24:mi:ss'), 'TESTER');
Insert into CALENDAR_DATE (CALENDAR_DT, CREATE_ID) values (TO_DATE(TO_CHAR(CURRENT_DATE, 'dd/mm/yyyy') || ' 00:00:00', 'dd/mm/yyyy hh24:mi:ss'), 'TESTER');
Insert into CALENDAR_DATE (CALENDAR_DT, CREATE_ID) values (TO_DATE(TO_CHAR(CURRENT_DATE + 1, 'dd/mm/yyyy') || ' 00:00:00', 'dd/mm/yyyy hh24:mi:ss'), 'TESTER');

Insert into INSTRUMENT (INSTRUMENT_SID,INSTRUMENT_ID,INSTRUMENT_SHORT_NM,INSTRUMENT_TYPE_CD,COUPON_RATE_TYPE_CD,CUSIP,PRE_REFUNDED_DT,DIVIDEND_PAYMENT_FREQUENCY_NBR,FDR_EQUITY_IND,ORIGINAL_ISSUE_PRC,FDR_STEP_BOND_IND,DER_INSTRUMENT_CLASS_NM,PROSPECTIVE_YIELD_METHOD_CD,FINAL_MATURITY_DT,HYBRID_CALCULATION_CD,ORIGINAL_ISSUE_DT,MATURITY_PRC,DEFAULT_IND,EFFECTIVE_DT,EXPIRATION_DT,HASH_KEY_TXT,DER_FOF_SECURITY_CD,PARTNERSHIP_TYPE_CD,INCOME_TRUST_TYPE_CD,TAX_EXCL_LOC_CD,CREATE_ID,CREATE_TS,UPDATE_ID,UPDATE_TS) values (169,'242846AA1','DECATUR AL IDB NUCOR VR7@','VRDN','V',null,null,null,null,null,'F',null,null,to_date('01-AUG-36','DD-MON-RR'),null,null,100,'N',to_date('02-JAN-17','DD-MON-RR'),to_date('31-DEC-99','DD-MON-RR'),'445790770350667ffce3965f2fe8a94864d89e179e9f5ffd38ac86cf9135158b66464a2cd9bd641ad8046f0ba436ce83',null,null,null,null,'EXCEL_IMPORTOR',to_timestamp('02-JAN-17 03.15.15.000000000 AM','DD-MON-RR HH.MI.SSXFF AM'),null,null);
Insert into INSTRUMENT (INSTRUMENT_SID,INSTRUMENT_ID,INSTRUMENT_SHORT_NM,INSTRUMENT_TYPE_CD,COUPON_RATE_TYPE_CD,CUSIP,PRE_REFUNDED_DT,DIVIDEND_PAYMENT_FREQUENCY_NBR,FDR_EQUITY_IND,ORIGINAL_ISSUE_PRC,FDR_STEP_BOND_IND,DER_INSTRUMENT_CLASS_NM,PROSPECTIVE_YIELD_METHOD_CD,FINAL_MATURITY_DT,HYBRID_CALCULATION_CD,ORIGINAL_ISSUE_DT,MATURITY_PRC,DEFAULT_IND,EFFECTIVE_DT,EXPIRATION_DT,HASH_KEY_TXT,DER_FOF_SECURITY_CD,PARTNERSHIP_TYPE_CD,INCOME_TRUST_TYPE_CD,TAX_EXCL_LOC_CD,CREATE_ID,CREATE_TS,UPDATE_ID,UPDATE_TS) values (170,'246579AF3','DE VLY PA 85C POOL L=BL-U','VRDN','V',null,null,null,null,null,'F',null,null,to_date('01-DEC-20','DD-MON-RR'),null,null,100,'N',to_date('02-JAN-17','DD-MON-RR'),to_date('31-DEC-99','DD-MON-RR'),'f92260b128340e08bf65ab1d56efe66d4a8bd88b5fca43d8e15811d6d0dcdd8dee4cad27a5914cea5a4aa22842f6ceec',null,null,null,null,'EXCEL_IMPORTOR',to_timestamp('02-JAN-17 03.15.16.000000000 AM','DD-MON-RR HH.MI.SSXFF AM'),null,null);
Insert into INSTRUMENT (INSTRUMENT_SID,INSTRUMENT_ID,INSTRUMENT_SHORT_NM,INSTRUMENT_TYPE_CD,COUPON_RATE_TYPE_CD,CUSIP,PRE_REFUNDED_DT,DIVIDEND_PAYMENT_FREQUENCY_NBR,FDR_EQUITY_IND,ORIGINAL_ISSUE_PRC,FDR_STEP_BOND_IND,DER_INSTRUMENT_CLASS_NM,PROSPECTIVE_YIELD_METHOD_CD,FINAL_MATURITY_DT,HYBRID_CALCULATION_CD,ORIGINAL_ISSUE_DT,MATURITY_PRC,DEFAULT_IND,EFFECTIVE_DT,EXPIRATION_DT,HASH_KEY_TXT,DER_FOF_SECURITY_CD,PARTNERSHIP_TYPE_CD,INCOME_TRUST_TYPE_CD,TAX_EXCL_LOC_CD,CREATE_ID,CREATE_TS,UPDATE_ID,UPDATE_TS) values (171,'25154CA20','PR SALE T D352 E-AMBAC/DB','DVRN','V',null,null,null,null,null,'F',null,null,to_date('01-AUG-54','DD-MON-RR'),null,null,100,'N',to_date('02-JAN-17','DD-MON-RR'),to_date('31-DEC-99','DD-MON-RR'),'baf1cede3ac8377dc0d9b90097ebac2b119fe291f44c93b6f439f4c461fafcf94b64bccabc06f35e7b9388ce9a2f1d45',null,null,null,null,'EXCEL_IMPORTOR',to_timestamp('02-JAN-17 03.15.17.000000000 AM','DD-MON-RR HH.MI.SSXFF AM'),null,null);
Insert into INSTRUMENT (INSTRUMENT_SID,INSTRUMENT_ID,INSTRUMENT_SHORT_NM,INSTRUMENT_TYPE_CD,COUPON_RATE_TYPE_CD,CUSIP,PRE_REFUNDED_DT,DIVIDEND_PAYMENT_FREQUENCY_NBR,FDR_EQUITY_IND,ORIGINAL_ISSUE_PRC,FDR_STEP_BOND_IND,DER_INSTRUMENT_CLASS_NM,PROSPECTIVE_YIELD_METHOD_CD,FINAL_MATURITY_DT,HYBRID_CALCULATION_CD,ORIGINAL_ISSUE_DT,MATURITY_PRC,DEFAULT_IND,EFFECTIVE_DT,EXPIRATION_DT,HASH_KEY_TXT,DER_FOF_SECURITY_CD,PARTNERSHIP_TYPE_CD,INCOME_TRUST_TYPE_CD,TAX_EXCL_LOC_CD,CREATE_ID,CREATE_TS,UPDATE_ID,UPDATE_TS) values (172,'25155DL33','DEUTSCHE SPEARS DB/DB D7@','DVRN','V',null,null,null,null,null,'F',null,null,to_date('01-DEC-33','DD-MON-RR'),null,null,100,'N',to_date('02-JAN-17','DD-MON-RR'),to_date('31-DEC-99','DD-MON-RR'),'8d0e9ad8c02669e96b5ae059b891580c866083fc7c92a130455485743b5a899fe4ddd6d806401996ba3d4366fc6b64cc',null,null,null,null,'EXCEL_IMPORTOR',to_timestamp('02-JAN-17 03.15.18.000000000 AM','DD-MON-RR HH.MI.SSXFF AM'),null,null);
Insert into INSTRUMENT (INSTRUMENT_SID,INSTRUMENT_ID,INSTRUMENT_SHORT_NM,INSTRUMENT_TYPE_CD,COUPON_RATE_TYPE_CD,CUSIP,PRE_REFUNDED_DT,DIVIDEND_PAYMENT_FREQUENCY_NBR,FDR_EQUITY_IND,ORIGINAL_ISSUE_PRC,FDR_STEP_BOND_IND,DER_INSTRUMENT_CLASS_NM,PROSPECTIVE_YIELD_METHOD_CD,FINAL_MATURITY_DT,HYBRID_CALCULATION_CD,ORIGINAL_ISSUE_DT,MATURITY_PRC,DEFAULT_IND,EFFECTIVE_DT,EXPIRATION_DT,HASH_KEY_TXT,DER_FOF_SECURITY_CD,PARTNERSHIP_TYPE_CD,INCOME_TRUST_TYPE_CD,TAX_EXCL_LOC_CD,CREATE_ID,CREATE_TS,UPDATE_ID,UPDATE_TS) values (173,'64579FYG2','VIRTUA HTH NJ MS3018 AGC/','DVRN','V',null,null,null,null,null,'F',null,null,to_date('01-JUL-38','DD-MON-RR'),null,null,100,'N',to_date('02-JAN-17','DD-MON-RR'),to_date('31-DEC-99','DD-MON-RR'),'274ce95a6a323a8cf73409b5deb480149f419a469472b9d6299c1b096635be53df036ed7027be4e49dd7bfdad4bc1e69',null,null,null,null,'EXCEL_IMPORTOR',to_timestamp('02-JAN-17 03.15.19.000000000 AM','DD-MON-RR HH.MI.SSXFF AM'),null,null);
Insert into INSTRUMENT (INSTRUMENT_SID,INSTRUMENT_ID,INSTRUMENT_SHORT_NM,INSTRUMENT_TYPE_CD,COUPON_RATE_TYPE_CD,CUSIP,PRE_REFUNDED_DT,DIVIDEND_PAYMENT_FREQUENCY_NBR,FDR_EQUITY_IND,ORIGINAL_ISSUE_PRC,FDR_STEP_BOND_IND,DER_INSTRUMENT_CLASS_NM,PROSPECTIVE_YIELD_METHOD_CD,FINAL_MATURITY_DT,HYBRID_CALCULATION_CD,ORIGINAL_ISSUE_DT,MATURITY_PRC,DEFAULT_IND,EFFECTIVE_DT,EXPIRATION_DT,HASH_KEY_TXT,DER_FOF_SECURITY_CD,PARTNERSHIP_TYPE_CD,INCOME_TRUST_TYPE_CD,TAX_EXCL_LOC_CD,CREATE_ID,CREATE_TS,UPDATE_ID,UPDATE_TS) values (174,'646065SM5','NJ EFA 08F L=CZ V7','VRDN','V',null,null,null,null,null,'F',null,null,to_date('01-JUL-36','DD-MON-RR'),null,null,100,'N',to_date('02-JAN-17','DD-MON-RR'),to_date('31-DEC-99','DD-MON-RR'),'4bb5ff485160c8f56f4a40184b9488ff057b87f1a8645a8d33bb0704204de314ed756faab2a498aabe8473065f449e17',null,null,null,null,'EXCEL_IMPORTOR',to_timestamp('02-JAN-17 03.15.19.000000000 AM','DD-MON-RR HH.MI.SSXFF AM'),null,null);
Insert into INSTRUMENT (INSTRUMENT_SID,INSTRUMENT_ID,INSTRUMENT_SHORT_NM,INSTRUMENT_TYPE_CD,COUPON_RATE_TYPE_CD,CUSIP,PRE_REFUNDED_DT,DIVIDEND_PAYMENT_FREQUENCY_NBR,FDR_EQUITY_IND,ORIGINAL_ISSUE_PRC,FDR_STEP_BOND_IND,DER_INSTRUMENT_CLASS_NM,PROSPECTIVE_YIELD_METHOD_CD,FINAL_MATURITY_DT,HYBRID_CALCULATION_CD,ORIGINAL_ISSUE_DT,MATURITY_PRC,DEFAULT_IND,EFFECTIVE_DT,EXPIRATION_DT,HASH_KEY_TXT,DER_FOF_SECURITY_CD,PARTNERSHIP_TYPE_CD,INCOME_TRUST_TYPE_CD,TAX_EXCL_LOC_CD,CREATE_ID,CREATE_TS,UPDATE_ID,UPDATE_TS) values (175,'735220AR6','PORT ARTH NAV TX MOTIVA V','VRDN','V',null,null,null,null,null,'F',null,null,to_date('01-DEC-39','DD-MON-RR'),null,null,100,'N',to_date('02-JAN-17','DD-MON-RR'),to_date('31-DEC-99','DD-MON-RR'),'70e09a0ebe7ae53e38b098c4d1e2c9c733372345b7775d1541e1742e74871a1e58d79154f4b31d58676b2e867b089a08',null,null,null,null,'EXCEL_IMPORTOR',to_timestamp('02-JAN-17 03.15.20.000000000 AM','DD-MON-RR HH.MI.SSXFF AM'),null,null);
Insert into INSTRUMENT (INSTRUMENT_SID,INSTRUMENT_ID,INSTRUMENT_SHORT_NM,INSTRUMENT_TYPE_CD,COUPON_RATE_TYPE_CD,CUSIP,PRE_REFUNDED_DT,DIVIDEND_PAYMENT_FREQUENCY_NBR,FDR_EQUITY_IND,ORIGINAL_ISSUE_PRC,FDR_STEP_BOND_IND,DER_INSTRUMENT_CLASS_NM,PROSPECTIVE_YIELD_METHOD_CD,FINAL_MATURITY_DT,HYBRID_CALCULATION_CD,ORIGINAL_ISSUE_DT,MATURITY_PRC,DEFAULT_IND,EFFECTIVE_DT,EXPIRATION_DT,HASH_KEY_TXT,DER_FOF_SECURITY_CD,PARTNERSHIP_TYPE_CD,INCOME_TRUST_TYPE_CD,TAX_EXCL_LOC_CD,CREATE_ID,CREATE_TS,UPDATE_ID,UPDATE_TS) values (176,'87638QBX6','TARRANT EFFC HO DVRN','DVRN','V',null,null,null,null,null,'F',null,null,to_date('15-NOV-29','DD-MON-RR'),null,null,100,'N',to_date('02-JAN-17','DD-MON-RR'),to_date('31-DEC-99','DD-MON-RR'),'aaf501facd8c8bef6cdeb86bc199797f71a6059b2c9a0d0c801b02e701f70d6bcf3a3b7cae74427bcba1f99690ca139d',null,null,null,null,'EXCEL_IMPORTOR',to_timestamp('02-JAN-17 03.15.21.000000000 AM','DD-MON-RR HH.MI.SSXFF AM'),null,null);
Insert into INSTRUMENT (INSTRUMENT_SID,INSTRUMENT_ID,INSTRUMENT_SHORT_NM,INSTRUMENT_TYPE_CD,COUPON_RATE_TYPE_CD,CUSIP,PRE_REFUNDED_DT,DIVIDEND_PAYMENT_FREQUENCY_NBR,FDR_EQUITY_IND,ORIGINAL_ISSUE_PRC,FDR_STEP_BOND_IND,DER_INSTRUMENT_CLASS_NM,PROSPECTIVE_YIELD_METHOD_CD,FINAL_MATURITY_DT,HYBRID_CALCULATION_CD,ORIGINAL_ISSUE_DT,MATURITY_PRC,DEFAULT_IND,EFFECTIVE_DT,EXPIRATION_DT,HASH_KEY_TXT,DER_FOF_SECURITY_CD,PARTNERSHIP_TYPE_CD,INCOME_TRUST_TYPE_CD,TAX_EXCL_LOC_CD,CREATE_ID,CREATE_TS,UPDATE_ID,UPDATE_TS) values (177,'912828SQ4','USTN TII .125% 4/15/17','VPS','F',null,null,null,null,null,'F',null,null,to_date('15-APR-17','DD-MON-RR'),null,null,100,'N',to_date('02-JAN-17','DD-MON-RR'),to_date('31-DEC-99','DD-MON-RR'),'b9d2d555c5a1178c3133770f089f3916032ea877e59eeea5496e209119eb8de4c8927aad366f0c8faaa676842d62c68b',null,null,null,null,'EXCEL_IMPORTOR',to_timestamp('02-JAN-17 03.15.21.000000000 AM','DD-MON-RR HH.MI.SSXFF AM'),null,null);
Insert into INSTRUMENT (INSTRUMENT_SID,INSTRUMENT_ID,INSTRUMENT_SHORT_NM,INSTRUMENT_TYPE_CD,COUPON_RATE_TYPE_CD,CUSIP,PRE_REFUNDED_DT,DIVIDEND_PAYMENT_FREQUENCY_NBR,FDR_EQUITY_IND,ORIGINAL_ISSUE_PRC,FDR_STEP_BOND_IND,DER_INSTRUMENT_CLASS_NM,PROSPECTIVE_YIELD_METHOD_CD,FINAL_MATURITY_DT,HYBRID_CALCULATION_CD,ORIGINAL_ISSUE_DT,MATURITY_PRC,DEFAULT_IND,EFFECTIVE_DT,EXPIRATION_DT,HASH_KEY_TXT,DER_FOF_SECURITY_CD,PARTNERSHIP_TYPE_CD,INCOME_TRUST_TYPE_CD,TAX_EXCL_LOC_CD,CREATE_ID,CREATE_TS,UPDATE_ID,UPDATE_TS) values (178,'93978HHQ1','WA HLT CHI 2015-XF2035 Q=','DVRN','V',null,null,null,null,null,'F',null,null,to_date('01-OCT-36','DD-MON-RR'),null,null,100,'N',to_date('02-JAN-17','DD-MON-RR'),to_date('31-DEC-99','DD-MON-RR'),'79df5dfe4c482cdf4a47b3820f050e509c99ac03b9177cda0e6ab52235ffb01ae6b6d9fa3b39c25464c2c8e5d80a9a20',null,null,null,null,'EXCEL_IMPORTOR',to_timestamp('02-JAN-17 03.15.23.000000000 AM','DD-MON-RR HH.MI.SSXFF AM'),null,null);
Insert into INSTRUMENT (INSTRUMENT_SID,INSTRUMENT_ID,INSTRUMENT_SHORT_NM,INSTRUMENT_TYPE_CD,COUPON_RATE_TYPE_CD,CUSIP,PRE_REFUNDED_DT,DIVIDEND_PAYMENT_FREQUENCY_NBR,FDR_EQUITY_IND,ORIGINAL_ISSUE_PRC,FDR_STEP_BOND_IND,DER_INSTRUMENT_CLASS_NM,PROSPECTIVE_YIELD_METHOD_CD,FINAL_MATURITY_DT,HYBRID_CALCULATION_CD,ORIGINAL_ISSUE_DT,MATURITY_PRC,DEFAULT_IND,EFFECTIVE_DT,EXPIRATION_DT,HASH_KEY_TXT,DER_FOF_SECURITY_CD,PARTNERSHIP_TYPE_CD,INCOME_TRUST_TYPE_CD,TAX_EXCL_LOC_CD,CREATE_ID,CREATE_TS,UPDATE_ID,UPDATE_TS) values (179,'B85SFQ5','UK GILT I/L 3MO 0.125 3/2','VPS','F',null,null,null,null,null,'F',null,null,to_date('22-MAR-24','DD-MON-RR'),null,null,100,'N',to_date('02-JAN-17','DD-MON-RR'),to_date('31-DEC-99','DD-MON-RR'),'4222ac65931cadbd98032efd8a3ad0b2278ae5b22943ded7f661e63a30bba637d957608ecb1876c68eb62926c17254ad',null,null,null,null,'EXCEL_IMPORTOR',to_timestamp('02-JAN-17 03.15.25.000000000 AM','DD-MON-RR HH.MI.SSXFF AM'),null,null);
Insert into INSTRUMENT (INSTRUMENT_SID,INSTRUMENT_ID,INSTRUMENT_SHORT_NM,INSTRUMENT_TYPE_CD,COUPON_RATE_TYPE_CD,CUSIP,PRE_REFUNDED_DT,DIVIDEND_PAYMENT_FREQUENCY_NBR,FDR_EQUITY_IND,ORIGINAL_ISSUE_PRC,FDR_STEP_BOND_IND,DER_INSTRUMENT_CLASS_NM,PROSPECTIVE_YIELD_METHOD_CD,FINAL_MATURITY_DT,HYBRID_CALCULATION_CD,ORIGINAL_ISSUE_DT,MATURITY_PRC,DEFAULT_IND,EFFECTIVE_DT,EXPIRATION_DT,HASH_KEY_TXT,DER_FOF_SECURITY_CD,PARTNERSHIP_TYPE_CD,INCOME_TRUST_TYPE_CD,TAX_EXCL_LOC_CD,CREATE_ID,CREATE_TS,UPDATE_ID,UPDATE_TS) values (180,'BBFKMW7','ITALY GOVT I/L 2.25% 4/17','VPS','F',null,null,null,null,null,'F',null,null,to_date('22-APR-17','DD-MON-RR'),null,null,100,'N',to_date('02-JAN-17','DD-MON-RR'),to_date('31-DEC-99','DD-MON-RR'),'6cb6a8bea6c4c925274ef7b655567c20ce3533982c493fd69cef2e20ad29541b587a5ee9be47806f14d3a778a2872676',null,null,null,null,'EXCEL_IMPORTOR',to_timestamp('02-JAN-17 03.15.28.000000000 AM','DD-MON-RR HH.MI.SSXFF AM'),null,null);

Insert into TRADABLE_ENTITY (TRADABLE_ENTITY_SID,TRADABLE_ENTITY_ID,INSTRUMENT_SID,MARKET_EXCHANGE_CD,TRADABLE_ENTITY_INTERNAL_ID,EFFECTIVE_DT,EXPIRATION_DT,HASH_KEY_TXT,CREATE_ID,CREATE_TS,UPDATE_ID,UPDATE_TS) values (249,1,169,null,null,to_date('02-JAN-17','DD-MON-RR'),to_date('31-DEC-99','DD-MON-RR'),'5a1ec59fc7f8fc35393d74e613f8e2f0be5cc9cb1d4872f54f5f0759161bdfc68cc7e6c02e33512d88130027dca7d9b9','EXCEL_IMPORTOR',to_timestamp('02-JAN-17 03.15.15.000000000 AM','DD-MON-RR HH.MI.SSXFF AM'),null,null);
Insert into TRADABLE_ENTITY (TRADABLE_ENTITY_SID,TRADABLE_ENTITY_ID,INSTRUMENT_SID,MARKET_EXCHANGE_CD,TRADABLE_ENTITY_INTERNAL_ID,EFFECTIVE_DT,EXPIRATION_DT,HASH_KEY_TXT,CREATE_ID,CREATE_TS,UPDATE_ID,UPDATE_TS) values (250,1,170,null,null,to_date('02-JAN-17','DD-MON-RR'),to_date('31-DEC-99','DD-MON-RR'),'6e4cebde80144ab478c3d8b557253dd7619b9abd71f65e88fb7bae5957b56e11cffdee4d7a928e7700ec0e13becbe1f3','EXCEL_IMPORTOR',to_timestamp('02-JAN-17 03.15.17.000000000 AM','DD-MON-RR HH.MI.SSXFF AM'),null,null);
Insert into TRADABLE_ENTITY (TRADABLE_ENTITY_SID,TRADABLE_ENTITY_ID,INSTRUMENT_SID,MARKET_EXCHANGE_CD,TRADABLE_ENTITY_INTERNAL_ID,EFFECTIVE_DT,EXPIRATION_DT,HASH_KEY_TXT,CREATE_ID,CREATE_TS,UPDATE_ID,UPDATE_TS) values (251,1,171,null,null,to_date('02-JAN-17','DD-MON-RR'),to_date('31-DEC-99','DD-MON-RR'),'04ea30662a6c185dc1933405f58b17eb5d29e6d159a98ebb2104edab637bc5b3ef88cbe95313c4782e975a1b22874b13','EXCEL_IMPORTOR',to_timestamp('02-JAN-17 03.15.17.000000000 AM','DD-MON-RR HH.MI.SSXFF AM'),null,null);
Insert into TRADABLE_ENTITY (TRADABLE_ENTITY_SID,TRADABLE_ENTITY_ID,INSTRUMENT_SID,MARKET_EXCHANGE_CD,TRADABLE_ENTITY_INTERNAL_ID,EFFECTIVE_DT,EXPIRATION_DT,HASH_KEY_TXT,CREATE_ID,CREATE_TS,UPDATE_ID,UPDATE_TS) values (252,1,172,null,null,to_date('02-JAN-17','DD-MON-RR'),to_date('31-DEC-99','DD-MON-RR'),'bcea8393ccd8f28a6a858cc10e0646a8d210f52a757720fadbab0a03bf8d097ffffafa371915ca290cee1f2eceac0b80','EXCEL_IMPORTOR',to_timestamp('02-JAN-17 03.15.18.000000000 AM','DD-MON-RR HH.MI.SSXFF AM'),null,null);
Insert into TRADABLE_ENTITY (TRADABLE_ENTITY_SID,TRADABLE_ENTITY_ID,INSTRUMENT_SID,MARKET_EXCHANGE_CD,TRADABLE_ENTITY_INTERNAL_ID,EFFECTIVE_DT,EXPIRATION_DT,HASH_KEY_TXT,CREATE_ID,CREATE_TS,UPDATE_ID,UPDATE_TS) values (253,1,173,null,null,to_date('02-JAN-17','DD-MON-RR'),to_date('31-DEC-99','DD-MON-RR'),'f076fed8effab941fb11ccdfaa9b30c8c465a69ed065c736964ce10062cb095396c20efb012217a80c746d491a5906e0','EXCEL_IMPORTOR',to_timestamp('02-JAN-17 03.15.19.000000000 AM','DD-MON-RR HH.MI.SSXFF AM'),null,null);
Insert into TRADABLE_ENTITY (TRADABLE_ENTITY_SID,TRADABLE_ENTITY_ID,INSTRUMENT_SID,MARKET_EXCHANGE_CD,TRADABLE_ENTITY_INTERNAL_ID,EFFECTIVE_DT,EXPIRATION_DT,HASH_KEY_TXT,CREATE_ID,CREATE_TS,UPDATE_ID,UPDATE_TS) values (254,1,174,null,null,to_date('02-JAN-17','DD-MON-RR'),to_date('31-DEC-99','DD-MON-RR'),'97bb99dc04f6a72b6d5191af99e006b7f15d6ff7139e3d862b9206c64e5d4fcfd9563842111a27b1202147adb27a7234','EXCEL_IMPORTOR',to_timestamp('02-JAN-17 03.15.19.000000000 AM','DD-MON-RR HH.MI.SSXFF AM'),null,null);
Insert into TRADABLE_ENTITY (TRADABLE_ENTITY_SID,TRADABLE_ENTITY_ID,INSTRUMENT_SID,MARKET_EXCHANGE_CD,TRADABLE_ENTITY_INTERNAL_ID,EFFECTIVE_DT,EXPIRATION_DT,HASH_KEY_TXT,CREATE_ID,CREATE_TS,UPDATE_ID,UPDATE_TS) values (255,1,175,null,null,to_date('02-JAN-17','DD-MON-RR'),to_date('31-DEC-99','DD-MON-RR'),'677eb80e9bcd4acbc281dfaa44b750e728bdeafbe37626fabc4b0fecbde1fef7ef9f3fa46ab1d0c6dc266fca46025cd7','EXCEL_IMPORTOR',to_timestamp('02-JAN-17 03.15.20.000000000 AM','DD-MON-RR HH.MI.SSXFF AM'),null,null);
Insert into TRADABLE_ENTITY (TRADABLE_ENTITY_SID,TRADABLE_ENTITY_ID,INSTRUMENT_SID,MARKET_EXCHANGE_CD,TRADABLE_ENTITY_INTERNAL_ID,EFFECTIVE_DT,EXPIRATION_DT,HASH_KEY_TXT,CREATE_ID,CREATE_TS,UPDATE_ID,UPDATE_TS) values (256,1,176,null,null,to_date('02-JAN-17','DD-MON-RR'),to_date('31-DEC-99','DD-MON-RR'),'98c4da3656dd25371087cc4788c67d78d287d2075c37db8eff8d399ad1e5605c083287ba0db34ead8b1cc077bb2387b0','EXCEL_IMPORTOR',to_timestamp('02-JAN-17 03.15.21.000000000 AM','DD-MON-RR HH.MI.SSXFF AM'),null,null);
Insert into TRADABLE_ENTITY (TRADABLE_ENTITY_SID,TRADABLE_ENTITY_ID,INSTRUMENT_SID,MARKET_EXCHANGE_CD,TRADABLE_ENTITY_INTERNAL_ID,EFFECTIVE_DT,EXPIRATION_DT,HASH_KEY_TXT,CREATE_ID,CREATE_TS,UPDATE_ID,UPDATE_TS) values (257,1,177,null,null,to_date('02-JAN-17','DD-MON-RR'),to_date('31-DEC-99','DD-MON-RR'),'4ee1b41c97df12de516a3f46c8a271e8d26409736ad31f7e411e227e40ce6e4824f89bf5201aaf79a26ae9ba8030f06a','EXCEL_IMPORTOR',to_timestamp('02-JAN-17 03.15.21.000000000 AM','DD-MON-RR HH.MI.SSXFF AM'),null,null);
Insert into TRADABLE_ENTITY (TRADABLE_ENTITY_SID,TRADABLE_ENTITY_ID,INSTRUMENT_SID,MARKET_EXCHANGE_CD,TRADABLE_ENTITY_INTERNAL_ID,EFFECTIVE_DT,EXPIRATION_DT,HASH_KEY_TXT,CREATE_ID,CREATE_TS,UPDATE_ID,UPDATE_TS) values (258,1,178,null,null,to_date('02-JAN-17','DD-MON-RR'),to_date('31-DEC-99','DD-MON-RR'),'7054f77a6a6f0b6fca7140f6c00c5f7650c22fb6b36d6542ede72d5916e45a49c3c228d73893acbed42904c3dcf5ca04','EXCEL_IMPORTOR',to_timestamp('02-JAN-17 03.15.23.000000000 AM','DD-MON-RR HH.MI.SSXFF AM'),null,null);
Insert into TRADABLE_ENTITY (TRADABLE_ENTITY_SID,TRADABLE_ENTITY_ID,INSTRUMENT_SID,MARKET_EXCHANGE_CD,TRADABLE_ENTITY_INTERNAL_ID,EFFECTIVE_DT,EXPIRATION_DT,HASH_KEY_TXT,CREATE_ID,CREATE_TS,UPDATE_ID,UPDATE_TS) values (259,1,179,null,null,to_date('02-JAN-17','DD-MON-RR'),to_date('31-DEC-99','DD-MON-RR'),'b2ec1a81975d2611b64ebfae478abd607f378a3977c762393844d0d3016a14109ce357996de1fd1b89e74eb321ee467e','EXCEL_IMPORTOR',to_timestamp('02-JAN-17 03.15.25.000000000 AM','DD-MON-RR HH.MI.SSXFF AM'),null,null);
Insert into TRADABLE_ENTITY (TRADABLE_ENTITY_SID,TRADABLE_ENTITY_ID,INSTRUMENT_SID,MARKET_EXCHANGE_CD,TRADABLE_ENTITY_INTERNAL_ID,EFFECTIVE_DT,EXPIRATION_DT,HASH_KEY_TXT,CREATE_ID,CREATE_TS,UPDATE_ID,UPDATE_TS) values (260,1,180,null,null,to_date('02-JAN-17','DD-MON-RR'),to_date('31-DEC-99','DD-MON-RR'),'8683c7ce25d08b02e674e68ff9612139d2f534d69fee36affc4faf6aa0d7331f69f2d51b7deb72d87fd3f473971cb4a0','EXCEL_IMPORTOR',to_timestamp('02-JAN-17 03.15.28.000000000 AM','DD-MON-RR HH.MI.SSXFF AM'),null,null);

Insert into TRADABLE_ENTITY_SNAPSHOT (TRADABLE_ENTITY_SNAPSHOT_SID,REPORTING_DT,TRADABLE_ENTITY_SID,DER_YIELD_CALC_ENGINE_CD,DER_INCOME_CALC_ENGINE_CD,DER_REDEMPTION_PRC,DER_REDEMPTION_DT,FDR_REVISED_ISSUE_PRC,CURRENT_FCTR,WAL_YEAR_VAL,MARKET_PRC,CURRENT_INCOME_RT,CURRENT_COUPON_ELECTION_CD,RETURN_ON_CAPITAL_RT,FDR_TIPS_INFLATIONARY_RATIO_RT,FDR_CLEAN_PRC,FDR_ANNUALIZED_DIVIDEND_RT,N1A_OOSP_DIST_INCOME_AMT,N1A_OOSP_DIST_AMORT_AMT,FDR_TRUE_CURRENT_FCTR,FDR_PRV_TRUE_CURRENT_FCTR,FDR_PAYDOWN_IND,FDR_CONVER_PARITY_PRC,DER_SEC_1_DAY_YIELD_RT,ADJ_DER_SEC_1_DAY_YIELD_RT,DER_SEC_YLD_DOD_CHG_PCT,DER_SEC_YLD_INC_DOD_CHG_PCT,ADJ_REDEMPTION_PRC,ADJ_MARKET_PRC,LAST_ADJ_USER_ID,LAST_ADJ_TS,LAST_ADJ_APPROVAL_STATUS_CD,LAST_ADJ_APPROVER_USER_ID,LAST_ADJ_APPROVAL_TS,FDR_WAL_MATURITY_DT,CREATE_ID,CREATE_TS,UPDATE_ID,UPDATE_TS) values (249,to_date('01-DEC-14','DD-MON-RR'),249,null,null,null,to_date('01-AUG-36','DD-MON-RR'),null,null,null,100,0.2300011,null,null,1,null,null,null,null,null,null,null,null,null,null,null,null,null,null,'EXCEL_IMPORTOR',to_timestamp('02-JAN-17 12.00.00.000000000 AM','DD-MON-RR HH.MI.SSXFF AM'),null,'EXCEL_IMPORTOR',null,null,'EXCEL_IMPORTOR',to_timestamp('02-JAN-17 03.15.16.000000000 AM','DD-MON-RR HH.MI.SSXFF AM'),null,null);
Insert into TRADABLE_ENTITY_SNAPSHOT (TRADABLE_ENTITY_SNAPSHOT_SID,REPORTING_DT,TRADABLE_ENTITY_SID,DER_YIELD_CALC_ENGINE_CD,DER_INCOME_CALC_ENGINE_CD,DER_REDEMPTION_PRC,DER_REDEMPTION_DT,FDR_REVISED_ISSUE_PRC,CURRENT_FCTR,WAL_YEAR_VAL,MARKET_PRC,CURRENT_INCOME_RT,CURRENT_COUPON_ELECTION_CD,RETURN_ON_CAPITAL_RT,FDR_TIPS_INFLATIONARY_RATIO_RT,FDR_CLEAN_PRC,FDR_ANNUALIZED_DIVIDEND_RT,N1A_OOSP_DIST_INCOME_AMT,N1A_OOSP_DIST_AMORT_AMT,FDR_TRUE_CURRENT_FCTR,FDR_PRV_TRUE_CURRENT_FCTR,FDR_PAYDOWN_IND,FDR_CONVER_PARITY_PRC,DER_SEC_1_DAY_YIELD_RT,ADJ_DER_SEC_1_DAY_YIELD_RT,DER_SEC_YLD_DOD_CHG_PCT,DER_SEC_YLD_INC_DOD_CHG_PCT,ADJ_REDEMPTION_PRC,ADJ_MARKET_PRC,LAST_ADJ_USER_ID,LAST_ADJ_TS,LAST_ADJ_APPROVAL_STATUS_CD,LAST_ADJ_APPROVER_USER_ID,LAST_ADJ_APPROVAL_TS,FDR_WAL_MATURITY_DT,CREATE_ID,CREATE_TS,UPDATE_ID,UPDATE_TS) values (250,to_date('01-DEC-14','DD-MON-RR'),250,null,null,null,to_date('01-DEC-20','DD-MON-RR'),null,null,null,100,0.2600005,null,null,1,null,null,null,null,null,null,null,null,null,null,null,null,null,null,'EXCEL_IMPORTOR',to_timestamp('02-JAN-17 12.00.00.000000000 AM','DD-MON-RR HH.MI.SSXFF AM'),null,'EXCEL_IMPORTOR',null,null,'EXCEL_IMPORTOR',to_timestamp('02-JAN-17 03.15.17.000000000 AM','DD-MON-RR HH.MI.SSXFF AM'),null,null);
Insert into TRADABLE_ENTITY_SNAPSHOT (TRADABLE_ENTITY_SNAPSHOT_SID,REPORTING_DT,TRADABLE_ENTITY_SID,DER_YIELD_CALC_ENGINE_CD,DER_INCOME_CALC_ENGINE_CD,DER_REDEMPTION_PRC,DER_REDEMPTION_DT,FDR_REVISED_ISSUE_PRC,CURRENT_FCTR,WAL_YEAR_VAL,MARKET_PRC,CURRENT_INCOME_RT,CURRENT_COUPON_ELECTION_CD,RETURN_ON_CAPITAL_RT,FDR_TIPS_INFLATIONARY_RATIO_RT,FDR_CLEAN_PRC,FDR_ANNUALIZED_DIVIDEND_RT,N1A_OOSP_DIST_INCOME_AMT,N1A_OOSP_DIST_AMORT_AMT,FDR_TRUE_CURRENT_FCTR,FDR_PRV_TRUE_CURRENT_FCTR,FDR_PAYDOWN_IND,FDR_CONVER_PARITY_PRC,DER_SEC_1_DAY_YIELD_RT,ADJ_DER_SEC_1_DAY_YIELD_RT,DER_SEC_YLD_DOD_CHG_PCT,DER_SEC_YLD_INC_DOD_CHG_PCT,ADJ_REDEMPTION_PRC,ADJ_MARKET_PRC,LAST_ADJ_USER_ID,LAST_ADJ_TS,LAST_ADJ_APPROVAL_STATUS_CD,LAST_ADJ_APPROVER_USER_ID,LAST_ADJ_APPROVAL_TS,FDR_WAL_MATURITY_DT,CREATE_ID,CREATE_TS,UPDATE_ID,UPDATE_TS) values (251,to_date('01-DEC-14','DD-MON-RR'),251,null,null,null,to_date('01-AUG-54','DD-MON-RR'),null,null,null,100,0.5699986,null,null,1,null,null,null,null,null,null,null,null,null,null,null,null,null,null,'EXCEL_IMPORTOR',to_timestamp('02-JAN-17 12.00.00.000000000 AM','DD-MON-RR HH.MI.SSXFF AM'),null,'EXCEL_IMPORTOR',null,null,'EXCEL_IMPORTOR',to_timestamp('02-JAN-17 03.15.17.000000000 AM','DD-MON-RR HH.MI.SSXFF AM'),null,null);
Insert into TRADABLE_ENTITY_SNAPSHOT (TRADABLE_ENTITY_SNAPSHOT_SID,REPORTING_DT,TRADABLE_ENTITY_SID,DER_YIELD_CALC_ENGINE_CD,DER_INCOME_CALC_ENGINE_CD,DER_REDEMPTION_PRC,DER_REDEMPTION_DT,FDR_REVISED_ISSUE_PRC,CURRENT_FCTR,WAL_YEAR_VAL,MARKET_PRC,CURRENT_INCOME_RT,CURRENT_COUPON_ELECTION_CD,RETURN_ON_CAPITAL_RT,FDR_TIPS_INFLATIONARY_RATIO_RT,FDR_CLEAN_PRC,FDR_ANNUALIZED_DIVIDEND_RT,N1A_OOSP_DIST_INCOME_AMT,N1A_OOSP_DIST_AMORT_AMT,FDR_TRUE_CURRENT_FCTR,FDR_PRV_TRUE_CURRENT_FCTR,FDR_PAYDOWN_IND,FDR_CONVER_PARITY_PRC,DER_SEC_1_DAY_YIELD_RT,ADJ_DER_SEC_1_DAY_YIELD_RT,DER_SEC_YLD_DOD_CHG_PCT,DER_SEC_YLD_INC_DOD_CHG_PCT,ADJ_REDEMPTION_PRC,ADJ_MARKET_PRC,LAST_ADJ_USER_ID,LAST_ADJ_TS,LAST_ADJ_APPROVAL_STATUS_CD,LAST_ADJ_APPROVER_USER_ID,LAST_ADJ_APPROVAL_TS,FDR_WAL_MATURITY_DT,CREATE_ID,CREATE_TS,UPDATE_ID,UPDATE_TS) values (252,to_date('01-DEC-14','DD-MON-RR'),252,null,null,null,to_date('01-DEC-33','DD-MON-RR'),null,null,null,100,0.3000008,null,null,1,null,null,null,null,null,null,null,null,null,null,null,null,null,null,'EXCEL_IMPORTOR',to_timestamp('02-JAN-17 12.00.00.000000000 AM','DD-MON-RR HH.MI.SSXFF AM'),null,'EXCEL_IMPORTOR',null,null,'EXCEL_IMPORTOR',to_timestamp('02-JAN-17 03.15.18.000000000 AM','DD-MON-RR HH.MI.SSXFF AM'),null,null);
Insert into TRADABLE_ENTITY_SNAPSHOT (TRADABLE_ENTITY_SNAPSHOT_SID,REPORTING_DT,TRADABLE_ENTITY_SID,DER_YIELD_CALC_ENGINE_CD,DER_INCOME_CALC_ENGINE_CD,DER_REDEMPTION_PRC,DER_REDEMPTION_DT,FDR_REVISED_ISSUE_PRC,CURRENT_FCTR,WAL_YEAR_VAL,MARKET_PRC,CURRENT_INCOME_RT,CURRENT_COUPON_ELECTION_CD,RETURN_ON_CAPITAL_RT,FDR_TIPS_INFLATIONARY_RATIO_RT,FDR_CLEAN_PRC,FDR_ANNUALIZED_DIVIDEND_RT,N1A_OOSP_DIST_INCOME_AMT,N1A_OOSP_DIST_AMORT_AMT,FDR_TRUE_CURRENT_FCTR,FDR_PRV_TRUE_CURRENT_FCTR,FDR_PAYDOWN_IND,FDR_CONVER_PARITY_PRC,DER_SEC_1_DAY_YIELD_RT,ADJ_DER_SEC_1_DAY_YIELD_RT,DER_SEC_YLD_DOD_CHG_PCT,DER_SEC_YLD_INC_DOD_CHG_PCT,ADJ_REDEMPTION_PRC,ADJ_MARKET_PRC,LAST_ADJ_USER_ID,LAST_ADJ_TS,LAST_ADJ_APPROVAL_STATUS_CD,LAST_ADJ_APPROVER_USER_ID,LAST_ADJ_APPROVAL_TS,FDR_WAL_MATURITY_DT,CREATE_ID,CREATE_TS,UPDATE_ID,UPDATE_TS) values (253,to_date('01-DEC-14','DD-MON-RR'),253,null,null,null,to_date('01-JUL-38','DD-MON-RR'),null,null,null,100,0.4299992,null,null,1,null,null,null,null,null,null,null,null,null,null,null,null,null,null,'EXCEL_IMPORTOR',to_timestamp('02-JAN-17 12.00.00.000000000 AM','DD-MON-RR HH.MI.SSXFF AM'),null,'EXCEL_IMPORTOR',null,null,'EXCEL_IMPORTOR',to_timestamp('02-JAN-17 03.15.19.000000000 AM','DD-MON-RR HH.MI.SSXFF AM'),null,null);
Insert into TRADABLE_ENTITY_SNAPSHOT (TRADABLE_ENTITY_SNAPSHOT_SID,REPORTING_DT,TRADABLE_ENTITY_SID,DER_YIELD_CALC_ENGINE_CD,DER_INCOME_CALC_ENGINE_CD,DER_REDEMPTION_PRC,DER_REDEMPTION_DT,FDR_REVISED_ISSUE_PRC,CURRENT_FCTR,WAL_YEAR_VAL,MARKET_PRC,CURRENT_INCOME_RT,CURRENT_COUPON_ELECTION_CD,RETURN_ON_CAPITAL_RT,FDR_TIPS_INFLATIONARY_RATIO_RT,FDR_CLEAN_PRC,FDR_ANNUALIZED_DIVIDEND_RT,N1A_OOSP_DIST_INCOME_AMT,N1A_OOSP_DIST_AMORT_AMT,FDR_TRUE_CURRENT_FCTR,FDR_PRV_TRUE_CURRENT_FCTR,FDR_PAYDOWN_IND,FDR_CONVER_PARITY_PRC,DER_SEC_1_DAY_YIELD_RT,ADJ_DER_SEC_1_DAY_YIELD_RT,DER_SEC_YLD_DOD_CHG_PCT,DER_SEC_YLD_INC_DOD_CHG_PCT,ADJ_REDEMPTION_PRC,ADJ_MARKET_PRC,LAST_ADJ_USER_ID,LAST_ADJ_TS,LAST_ADJ_APPROVAL_STATUS_CD,LAST_ADJ_APPROVER_USER_ID,LAST_ADJ_APPROVAL_TS,FDR_WAL_MATURITY_DT,CREATE_ID,CREATE_TS,UPDATE_ID,UPDATE_TS) values (254,to_date('01-DEC-14','DD-MON-RR'),254,null,null,null,to_date('01-JUL-36','DD-MON-RR'),null,null,null,100,0.2499995,null,null,1,null,null,null,null,null,null,null,null,null,null,null,null,null,null,'EXCEL_IMPORTOR',to_timestamp('02-JAN-17 12.00.00.000000000 AM','DD-MON-RR HH.MI.SSXFF AM'),null,'EXCEL_IMPORTOR',null,null,'EXCEL_IMPORTOR',to_timestamp('02-JAN-17 03.15.20.000000000 AM','DD-MON-RR HH.MI.SSXFF AM'),null,null);
Insert into TRADABLE_ENTITY_SNAPSHOT (TRADABLE_ENTITY_SNAPSHOT_SID,REPORTING_DT,TRADABLE_ENTITY_SID,DER_YIELD_CALC_ENGINE_CD,DER_INCOME_CALC_ENGINE_CD,DER_REDEMPTION_PRC,DER_REDEMPTION_DT,FDR_REVISED_ISSUE_PRC,CURRENT_FCTR,WAL_YEAR_VAL,MARKET_PRC,CURRENT_INCOME_RT,CURRENT_COUPON_ELECTION_CD,RETURN_ON_CAPITAL_RT,FDR_TIPS_INFLATIONARY_RATIO_RT,FDR_CLEAN_PRC,FDR_ANNUALIZED_DIVIDEND_RT,N1A_OOSP_DIST_INCOME_AMT,N1A_OOSP_DIST_AMORT_AMT,FDR_TRUE_CURRENT_FCTR,FDR_PRV_TRUE_CURRENT_FCTR,FDR_PAYDOWN_IND,FDR_CONVER_PARITY_PRC,DER_SEC_1_DAY_YIELD_RT,ADJ_DER_SEC_1_DAY_YIELD_RT,DER_SEC_YLD_DOD_CHG_PCT,DER_SEC_YLD_INC_DOD_CHG_PCT,ADJ_REDEMPTION_PRC,ADJ_MARKET_PRC,LAST_ADJ_USER_ID,LAST_ADJ_TS,LAST_ADJ_APPROVAL_STATUS_CD,LAST_ADJ_APPROVER_USER_ID,LAST_ADJ_APPROVAL_TS,FDR_WAL_MATURITY_DT,CREATE_ID,CREATE_TS,UPDATE_ID,UPDATE_TS) values (255,to_date('01-DEC-14','DD-MON-RR'),255,null,null,null,to_date('01-DEC-39','DD-MON-RR'),null,null,null,100,0.1500004,null,null,1,null,null,null,null,null,null,null,null,null,null,null,null,null,null,'EXCEL_IMPORTOR',to_timestamp('02-JAN-17 12.00.00.000000000 AM','DD-MON-RR HH.MI.SSXFF AM'),null,'EXCEL_IMPORTOR',null,null,'EXCEL_IMPORTOR',to_timestamp('02-JAN-17 03.15.20.000000000 AM','DD-MON-RR HH.MI.SSXFF AM'),null,null);
Insert into TRADABLE_ENTITY_SNAPSHOT (TRADABLE_ENTITY_SNAPSHOT_SID,REPORTING_DT,TRADABLE_ENTITY_SID,DER_YIELD_CALC_ENGINE_CD,DER_INCOME_CALC_ENGINE_CD,DER_REDEMPTION_PRC,DER_REDEMPTION_DT,FDR_REVISED_ISSUE_PRC,CURRENT_FCTR,WAL_YEAR_VAL,MARKET_PRC,CURRENT_INCOME_RT,CURRENT_COUPON_ELECTION_CD,RETURN_ON_CAPITAL_RT,FDR_TIPS_INFLATIONARY_RATIO_RT,FDR_CLEAN_PRC,FDR_ANNUALIZED_DIVIDEND_RT,N1A_OOSP_DIST_INCOME_AMT,N1A_OOSP_DIST_AMORT_AMT,FDR_TRUE_CURRENT_FCTR,FDR_PRV_TRUE_CURRENT_FCTR,FDR_PAYDOWN_IND,FDR_CONVER_PARITY_PRC,DER_SEC_1_DAY_YIELD_RT,ADJ_DER_SEC_1_DAY_YIELD_RT,DER_SEC_YLD_DOD_CHG_PCT,DER_SEC_YLD_INC_DOD_CHG_PCT,ADJ_REDEMPTION_PRC,ADJ_MARKET_PRC,LAST_ADJ_USER_ID,LAST_ADJ_TS,LAST_ADJ_APPROVAL_STATUS_CD,LAST_ADJ_APPROVER_USER_ID,LAST_ADJ_APPROVAL_TS,FDR_WAL_MATURITY_DT,CREATE_ID,CREATE_TS,UPDATE_ID,UPDATE_TS) values (256,to_date('01-DEC-14','DD-MON-RR'),256,null,null,null,to_date('15-NOV-29','DD-MON-RR'),null,null,null,100,0.2399985,null,null,1,null,null,null,null,null,null,null,null,null,null,null,null,null,null,'EXCEL_IMPORTOR',to_timestamp('02-JAN-17 12.00.00.000000000 AM','DD-MON-RR HH.MI.SSXFF AM'),null,'EXCEL_IMPORTOR',null,null,'EXCEL_IMPORTOR',to_timestamp('02-JAN-17 03.15.21.000000000 AM','DD-MON-RR HH.MI.SSXFF AM'),null,null);
Insert into TRADABLE_ENTITY_SNAPSHOT (TRADABLE_ENTITY_SNAPSHOT_SID,REPORTING_DT,TRADABLE_ENTITY_SID,DER_YIELD_CALC_ENGINE_CD,DER_INCOME_CALC_ENGINE_CD,DER_REDEMPTION_PRC,DER_REDEMPTION_DT,FDR_REVISED_ISSUE_PRC,CURRENT_FCTR,WAL_YEAR_VAL,MARKET_PRC,CURRENT_INCOME_RT,CURRENT_COUPON_ELECTION_CD,RETURN_ON_CAPITAL_RT,FDR_TIPS_INFLATIONARY_RATIO_RT,FDR_CLEAN_PRC,FDR_ANNUALIZED_DIVIDEND_RT,N1A_OOSP_DIST_INCOME_AMT,N1A_OOSP_DIST_AMORT_AMT,FDR_TRUE_CURRENT_FCTR,FDR_PRV_TRUE_CURRENT_FCTR,FDR_PAYDOWN_IND,FDR_CONVER_PARITY_PRC,DER_SEC_1_DAY_YIELD_RT,ADJ_DER_SEC_1_DAY_YIELD_RT,DER_SEC_YLD_DOD_CHG_PCT,DER_SEC_YLD_INC_DOD_CHG_PCT,ADJ_REDEMPTION_PRC,ADJ_MARKET_PRC,LAST_ADJ_USER_ID,LAST_ADJ_TS,LAST_ADJ_APPROVAL_STATUS_CD,LAST_ADJ_APPROVER_USER_ID,LAST_ADJ_APPROVAL_TS,FDR_WAL_MATURITY_DT,CREATE_ID,CREATE_TS,UPDATE_ID,UPDATE_TS) values (257,to_date('01-DEC-14','DD-MON-RR'),257,null,null,null,to_date('15-APR-17','DD-MON-RR'),null,null,null,106.0762902,0.125,null,null,1.048,null,null,null,null,null,null,null,null,null,null,null,null,null,null,'EXCEL_IMPORTOR',to_timestamp('02-JAN-17 12.00.00.000000000 AM','DD-MON-RR HH.MI.SSXFF AM'),null,'EXCEL_IMPORTOR',null,null,'EXCEL_IMPORTOR',to_timestamp('02-JAN-17 03.15.22.000000000 AM','DD-MON-RR HH.MI.SSXFF AM'),null,null);
Insert into TRADABLE_ENTITY_SNAPSHOT (TRADABLE_ENTITY_SNAPSHOT_SID,REPORTING_DT,TRADABLE_ENTITY_SID,DER_YIELD_CALC_ENGINE_CD,DER_INCOME_CALC_ENGINE_CD,DER_REDEMPTION_PRC,DER_REDEMPTION_DT,FDR_REVISED_ISSUE_PRC,CURRENT_FCTR,WAL_YEAR_VAL,MARKET_PRC,CURRENT_INCOME_RT,CURRENT_COUPON_ELECTION_CD,RETURN_ON_CAPITAL_RT,FDR_TIPS_INFLATIONARY_RATIO_RT,FDR_CLEAN_PRC,FDR_ANNUALIZED_DIVIDEND_RT,N1A_OOSP_DIST_INCOME_AMT,N1A_OOSP_DIST_AMORT_AMT,FDR_TRUE_CURRENT_FCTR,FDR_PRV_TRUE_CURRENT_FCTR,FDR_PAYDOWN_IND,FDR_CONVER_PARITY_PRC,DER_SEC_1_DAY_YIELD_RT,ADJ_DER_SEC_1_DAY_YIELD_RT,DER_SEC_YLD_DOD_CHG_PCT,DER_SEC_YLD_INC_DOD_CHG_PCT,ADJ_REDEMPTION_PRC,ADJ_MARKET_PRC,LAST_ADJ_USER_ID,LAST_ADJ_TS,LAST_ADJ_APPROVAL_STATUS_CD,LAST_ADJ_APPROVER_USER_ID,LAST_ADJ_APPROVAL_TS,FDR_WAL_MATURITY_DT,CREATE_ID,CREATE_TS,UPDATE_ID,UPDATE_TS) values (258,to_date('01-DEC-14','DD-MON-RR'),258,null,null,null,to_date('01-OCT-36','DD-MON-RR'),null,null,null,100,0.2099991,null,null,1,null,null,null,null,null,null,null,null,null,null,null,null,null,null,'EXCEL_IMPORTOR',to_timestamp('02-JAN-17 12.00.00.000000000 AM','DD-MON-RR HH.MI.SSXFF AM'),null,'EXCEL_IMPORTOR',null,null,'EXCEL_IMPORTOR',to_timestamp('02-JAN-17 03.15.24.000000000 AM','DD-MON-RR HH.MI.SSXFF AM'),null,null);
Insert into TRADABLE_ENTITY_SNAPSHOT (TRADABLE_ENTITY_SNAPSHOT_SID,REPORTING_DT,TRADABLE_ENTITY_SID,DER_YIELD_CALC_ENGINE_CD,DER_INCOME_CALC_ENGINE_CD,DER_REDEMPTION_PRC,DER_REDEMPTION_DT,FDR_REVISED_ISSUE_PRC,CURRENT_FCTR,WAL_YEAR_VAL,MARKET_PRC,CURRENT_INCOME_RT,CURRENT_COUPON_ELECTION_CD,RETURN_ON_CAPITAL_RT,FDR_TIPS_INFLATIONARY_RATIO_RT,FDR_CLEAN_PRC,FDR_ANNUALIZED_DIVIDEND_RT,N1A_OOSP_DIST_INCOME_AMT,N1A_OOSP_DIST_AMORT_AMT,FDR_TRUE_CURRENT_FCTR,FDR_PRV_TRUE_CURRENT_FCTR,FDR_PAYDOWN_IND,FDR_CONVER_PARITY_PRC,DER_SEC_1_DAY_YIELD_RT,ADJ_DER_SEC_1_DAY_YIELD_RT,DER_SEC_YLD_DOD_CHG_PCT,DER_SEC_YLD_INC_DOD_CHG_PCT,ADJ_REDEMPTION_PRC,ADJ_MARKET_PRC,LAST_ADJ_USER_ID,LAST_ADJ_TS,LAST_ADJ_APPROVAL_STATUS_CD,LAST_ADJ_APPROVER_USER_ID,LAST_ADJ_APPROVAL_TS,FDR_WAL_MATURITY_DT,CREATE_ID,CREATE_TS,UPDATE_ID,UPDATE_TS) values (259,to_date('01-DEC-14','DD-MON-RR'),259,null,null,null,to_date('22-MAR-24','DD-MON-RR'),null,null,null,116.3048535,0.125,null,null,1,null,null,null,null,null,null,null,null,null,null,null,null,null,null,'EXCEL_IMPORTOR',to_timestamp('02-JAN-17 12.00.00.000000000 AM','DD-MON-RR HH.MI.SSXFF AM'),null,'EXCEL_IMPORTOR',null,null,'EXCEL_IMPORTOR',to_timestamp('02-JAN-17 03.15.25.000000000 AM','DD-MON-RR HH.MI.SSXFF AM'),null,null);
Insert into TRADABLE_ENTITY_SNAPSHOT (TRADABLE_ENTITY_SNAPSHOT_SID,REPORTING_DT,TRADABLE_ENTITY_SID,DER_YIELD_CALC_ENGINE_CD,DER_INCOME_CALC_ENGINE_CD,DER_REDEMPTION_PRC,DER_REDEMPTION_DT,FDR_REVISED_ISSUE_PRC,CURRENT_FCTR,WAL_YEAR_VAL,MARKET_PRC,CURRENT_INCOME_RT,CURRENT_COUPON_ELECTION_CD,RETURN_ON_CAPITAL_RT,FDR_TIPS_INFLATIONARY_RATIO_RT,FDR_CLEAN_PRC,FDR_ANNUALIZED_DIVIDEND_RT,N1A_OOSP_DIST_INCOME_AMT,N1A_OOSP_DIST_AMORT_AMT,FDR_TRUE_CURRENT_FCTR,FDR_PRV_TRUE_CURRENT_FCTR,FDR_PAYDOWN_IND,FDR_CONVER_PARITY_PRC,DER_SEC_1_DAY_YIELD_RT,ADJ_DER_SEC_1_DAY_YIELD_RT,DER_SEC_YLD_DOD_CHG_PCT,DER_SEC_YLD_INC_DOD_CHG_PCT,ADJ_REDEMPTION_PRC,ADJ_MARKET_PRC,LAST_ADJ_USER_ID,LAST_ADJ_TS,LAST_ADJ_APPROVAL_STATUS_CD,LAST_ADJ_APPROVER_USER_ID,LAST_ADJ_APPROVAL_TS,FDR_WAL_MATURITY_DT,CREATE_ID,CREATE_TS,UPDATE_ID,UPDATE_TS) values (260,to_date('01-DEC-14','DD-MON-RR'),260,null,null,null,to_date('22-APR-17','DD-MON-RR'),null,null,null,103.3477851,2.25,null,null,1,null,null,null,null,null,null,null,null,null,null,null,null,null,null,'EXCEL_IMPORTOR',to_timestamp('02-JAN-17 12.00.00.000000000 AM','DD-MON-RR HH.MI.SSXFF AM'),null,'EXCEL_IMPORTOR',null,null,'EXCEL_IMPORTOR',to_timestamp('02-JAN-17 03.15.28.000000000 AM','DD-MON-RR HH.MI.SSXFF AM'),null,null);

Insert into PORTFOLIO (PORTFOLIO_SID,PORTFOLIO_ID,PORTFOLIO_SHORT_NM,PORTFOLIO_NM,FDR_DISTRIBUTION_ELIGIBLE_IND,FDR_PORTFOLIO_TYPE_CD,EFFECTIVE_DT,EXPIRATION_DT,HASH_KEY_TXT,CUSIP,FRIDAY_FORWARD_IND,PORTFOLIO_STATUS_IND,ACCOUNTING_PORTFOLIO_GROUP_CD,FUND_OF_FUND_IND,FIRS_PORTFOLIO_GROUP_CD,CALCULATE_SEC_YIELD_IND,CALCULATE_MILRATE_IND,FISCAL_YEAR_END_DT,CREATE_ID,CREATE_TS,UPDATE_ID,UPDATE_TS) values (175,18,'FUND 18',null,null,null,to_date('02-JAN-17','DD-MON-RR'),to_date('31-DEC-99','DD-MON-RR'),'d11b7ab497f20802fce89d2576cb75382bf43fd48246fd08d1effbd4cf2ac32a579233019991160ae8a551aa53001bed',null,null,null,null,null,null,null,null,null,'EXCEL_IMPORTOR',to_timestamp('02-JAN-17 03.15.16.000000000 AM','DD-MON-RR HH.MI.SSXFF AM'),null,null);
Insert into PORTFOLIO (PORTFOLIO_SID,PORTFOLIO_ID,PORTFOLIO_SHORT_NM,PORTFOLIO_NM,FDR_DISTRIBUTION_ELIGIBLE_IND,FDR_PORTFOLIO_TYPE_CD,EFFECTIVE_DT,EXPIRATION_DT,HASH_KEY_TXT,CUSIP,FRIDAY_FORWARD_IND,PORTFOLIO_STATUS_IND,ACCOUNTING_PORTFOLIO_GROUP_CD,FUND_OF_FUND_IND,FIRS_PORTFOLIO_GROUP_CD,CALCULATE_SEC_YIELD_IND,CALCULATE_MILRATE_IND,FISCAL_YEAR_END_DT,CREATE_ID,CREATE_TS,UPDATE_ID,UPDATE_TS) values (176,22,'FUND 22',null,null,null,to_date('02-JAN-17','DD-MON-RR'),to_date('31-DEC-99','DD-MON-RR'),'cf3c07f86f8ecfd974875fb6e9e330b7e24229392cb10e12705287bc4e608cb651b98011b08695ea29439eb1451d85cf',null,null,null,null,null,null,null,null,null,'EXCEL_IMPORTOR',to_timestamp('02-JAN-17 03.15.17.000000000 AM','DD-MON-RR HH.MI.SSXFF AM'),null,null);
Insert into PORTFOLIO (PORTFOLIO_SID,PORTFOLIO_ID,PORTFOLIO_SHORT_NM,PORTFOLIO_NM,FDR_DISTRIBUTION_ELIGIBLE_IND,FDR_PORTFOLIO_TYPE_CD,EFFECTIVE_DT,EXPIRATION_DT,HASH_KEY_TXT,CUSIP,FRIDAY_FORWARD_IND,PORTFOLIO_STATUS_IND,ACCOUNTING_PORTFOLIO_GROUP_CD,FUND_OF_FUND_IND,FIRS_PORTFOLIO_GROUP_CD,CALCULATE_SEC_YIELD_IND,CALCULATE_MILRATE_IND,FISCAL_YEAR_END_DT,CREATE_ID,CREATE_TS,UPDATE_ID,UPDATE_TS) values (177,25,'FUND 25',null,null,null,to_date('02-JAN-17','DD-MON-RR'),to_date('31-DEC-99','DD-MON-RR'),'44f786287dbbf8455c64ccb312de7879b13eb472f58684f11ff4defdd79746ddb74fb9956ba38af2144bf1c3dde0cd2d',null,null,null,null,null,null,null,null,null,'EXCEL_IMPORTOR',to_timestamp('02-JAN-17 03.15.18.000000000 AM','DD-MON-RR HH.MI.SSXFF AM'),null,null);
Insert into PORTFOLIO (PORTFOLIO_SID,PORTFOLIO_ID,PORTFOLIO_SHORT_NM,PORTFOLIO_NM,FDR_DISTRIBUTION_ELIGIBLE_IND,FDR_PORTFOLIO_TYPE_CD,EFFECTIVE_DT,EXPIRATION_DT,HASH_KEY_TXT,CUSIP,FRIDAY_FORWARD_IND,PORTFOLIO_STATUS_IND,ACCOUNTING_PORTFOLIO_GROUP_CD,FUND_OF_FUND_IND,FIRS_PORTFOLIO_GROUP_CD,CALCULATE_SEC_YIELD_IND,CALCULATE_MILRATE_IND,FISCAL_YEAR_END_DT,CREATE_ID,CREATE_TS,UPDATE_ID,UPDATE_TS) values (178,21,'FUND 21',null,null,null,to_date('02-JAN-17','DD-MON-RR'),to_date('31-DEC-99','DD-MON-RR'),'2d7065408a2bfa15cbddb21b9ab472aedaced232f44fc23b168c04779f2f86823b355232b80e5910be9534f49a21b8ae',null,null,null,null,null,null,null,null,null,'EXCEL_IMPORTOR',to_timestamp('02-JAN-17 03.15.22.000000000 AM','DD-MON-RR HH.MI.SSXFF AM'),null,null);
Insert into PORTFOLIO (PORTFOLIO_SID,PORTFOLIO_ID,PORTFOLIO_SHORT_NM,PORTFOLIO_NM,FDR_DISTRIBUTION_ELIGIBLE_IND,FDR_PORTFOLIO_TYPE_CD,EFFECTIVE_DT,EXPIRATION_DT,HASH_KEY_TXT,CUSIP,FRIDAY_FORWARD_IND,PORTFOLIO_STATUS_IND,ACCOUNTING_PORTFOLIO_GROUP_CD,FUND_OF_FUND_IND,FIRS_PORTFOLIO_GROUP_CD,CALCULATE_SEC_YIELD_IND,CALCULATE_MILRATE_IND,FISCAL_YEAR_END_DT,CREATE_ID,CREATE_TS,UPDATE_ID,UPDATE_TS) values (179,30,'FUND 30',null,null,null,to_date('02-JAN-17','DD-MON-RR'),to_date('31-DEC-99','DD-MON-RR'),'72f0802b3ca99f2c30a8fb58a48d1578f0201ceb0dcc6e62785abff3554601547fd05fc014e95853d6de04606cc13c6c',null,null,null,null,null,null,null,null,null,'EXCEL_IMPORTOR',to_timestamp('02-JAN-17 03.15.22.000000000 AM','DD-MON-RR HH.MI.SSXFF AM'),null,null);
Insert into PORTFOLIO (PORTFOLIO_SID,PORTFOLIO_ID,PORTFOLIO_SHORT_NM,PORTFOLIO_NM,FDR_DISTRIBUTION_ELIGIBLE_IND,FDR_PORTFOLIO_TYPE_CD,EFFECTIVE_DT,EXPIRATION_DT,HASH_KEY_TXT,CUSIP,FRIDAY_FORWARD_IND,PORTFOLIO_STATUS_IND,ACCOUNTING_PORTFOLIO_GROUP_CD,FUND_OF_FUND_IND,FIRS_PORTFOLIO_GROUP_CD,CALCULATE_SEC_YIELD_IND,CALCULATE_MILRATE_IND,FISCAL_YEAR_END_DT,CREATE_ID,CREATE_TS,UPDATE_ID,UPDATE_TS) values (180,36,'FUND 36',null,null,null,to_date('02-JAN-17','DD-MON-RR'),to_date('31-DEC-99','DD-MON-RR'),'e28732ce5a29823b4c078e6e8b271f33c7f27d64768133ceb607806720e2a237b689c8c403015e25419abac885e42c17',null,null,null,null,null,null,null,null,null,'EXCEL_IMPORTOR',to_timestamp('02-JAN-17 03.15.23.000000000 AM','DD-MON-RR HH.MI.SSXFF AM'),null,null);
Insert into PORTFOLIO (PORTFOLIO_SID,PORTFOLIO_ID,PORTFOLIO_SHORT_NM,PORTFOLIO_NM,FDR_DISTRIBUTION_ELIGIBLE_IND,FDR_PORTFOLIO_TYPE_CD,EFFECTIVE_DT,EXPIRATION_DT,HASH_KEY_TXT,CUSIP,FRIDAY_FORWARD_IND,PORTFOLIO_STATUS_IND,ACCOUNTING_PORTFOLIO_GROUP_CD,FUND_OF_FUND_IND,FIRS_PORTFOLIO_GROUP_CD,CALCULATE_SEC_YIELD_IND,CALCULATE_MILRATE_IND,FISCAL_YEAR_END_DT,CREATE_ID,CREATE_TS,UPDATE_ID,UPDATE_TS) values (181,7,'FUND 7',null,null,null,to_date('02-JAN-17','DD-MON-RR'),to_date('31-DEC-99','DD-MON-RR'),'f30256c385361b1ef7e0ab6adc2dcc8516dd6e7046370e079c020352770eda2e640e18701533f2c808a9e52c1ec108f8',null,null,null,null,null,null,null,null,null,'EXCEL_IMPORTOR',to_timestamp('02-JAN-17 03.15.25.000000000 AM','DD-MON-RR HH.MI.SSXFF AM'),null,null);
Insert into PORTFOLIO (PORTFOLIO_SID,PORTFOLIO_ID,PORTFOLIO_SHORT_NM,PORTFOLIO_NM,FDR_DISTRIBUTION_ELIGIBLE_IND,FDR_PORTFOLIO_TYPE_CD,EFFECTIVE_DT,EXPIRATION_DT,HASH_KEY_TXT,CUSIP,FRIDAY_FORWARD_IND,PORTFOLIO_STATUS_IND,ACCOUNTING_PORTFOLIO_GROUP_CD,FUND_OF_FUND_IND,FIRS_PORTFOLIO_GROUP_CD,CALCULATE_SEC_YIELD_IND,CALCULATE_MILRATE_IND,FISCAL_YEAR_END_DT,CREATE_ID,CREATE_TS,UPDATE_ID,UPDATE_TS) values (182,9,'FUND 9',null,null,null,to_date('02-JAN-17','DD-MON-RR'),to_date('31-DEC-99','DD-MON-RR'),'2905425cd563d3ddef2565a5991a73a97b64acd4de2c692fe7359aaf7d0f05d521eed70c6b79e33ce7fbb88684c87f3b',null,null,null,null,null,null,null,null,null,'EXCEL_IMPORTOR',to_timestamp('02-JAN-17 03.15.26.000000000 AM','DD-MON-RR HH.MI.SSXFF AM'),null,null);
Insert into PORTFOLIO (PORTFOLIO_SID,PORTFOLIO_ID,PORTFOLIO_SHORT_NM,PORTFOLIO_NM,FDR_DISTRIBUTION_ELIGIBLE_IND,FDR_PORTFOLIO_TYPE_CD,EFFECTIVE_DT,EXPIRATION_DT,HASH_KEY_TXT,CUSIP,FRIDAY_FORWARD_IND,PORTFOLIO_STATUS_IND,ACCOUNTING_PORTFOLIO_GROUP_CD,FUND_OF_FUND_IND,FIRS_PORTFOLIO_GROUP_CD,CALCULATE_SEC_YIELD_IND,CALCULATE_MILRATE_IND,FISCAL_YEAR_END_DT,CREATE_ID,CREATE_TS,UPDATE_ID,UPDATE_TS) values (183,26,'FUND 26',null,null,null,to_date('02-JAN-17','DD-MON-RR'),to_date('31-DEC-99','DD-MON-RR'),'f6321f280122a669109da0c2eeb80f89ed5b7235598230dabf9a66f344ecc3a455f9234a7a9330e86ecd2968f3563bc5',null,null,null,null,null,null,null,null,null,'EXCEL_IMPORTOR',to_timestamp('02-JAN-17 03.15.26.000000000 AM','DD-MON-RR HH.MI.SSXFF AM'),null,null);
Insert into PORTFOLIO (PORTFOLIO_SID,PORTFOLIO_ID,PORTFOLIO_SHORT_NM,PORTFOLIO_NM,FDR_DISTRIBUTION_ELIGIBLE_IND,FDR_PORTFOLIO_TYPE_CD,EFFECTIVE_DT,EXPIRATION_DT,HASH_KEY_TXT,CUSIP,FRIDAY_FORWARD_IND,PORTFOLIO_STATUS_IND,ACCOUNTING_PORTFOLIO_GROUP_CD,FUND_OF_FUND_IND,FIRS_PORTFOLIO_GROUP_CD,CALCULATE_SEC_YIELD_IND,CALCULATE_MILRATE_IND,FISCAL_YEAR_END_DT,CREATE_ID,CREATE_TS,UPDATE_ID,UPDATE_TS) values (184,31,'FUND 31',null,null,null,to_date('02-JAN-17','DD-MON-RR'),to_date('31-DEC-99','DD-MON-RR'),'abb999f4caf955f571b350f47eacd39723b331d4199066943d1d716280b69e5a7a989aa2325d4dfb0bf9820fe072dc9d',null,null,null,null,null,null,null,null,null,'EXCEL_IMPORTOR',to_timestamp('02-JAN-17 03.15.27.000000000 AM','DD-MON-RR HH.MI.SSXFF AM'),null,null);
Insert into PORTFOLIO (PORTFOLIO_SID,PORTFOLIO_ID,PORTFOLIO_SHORT_NM,PORTFOLIO_NM,FDR_DISTRIBUTION_ELIGIBLE_IND,FDR_PORTFOLIO_TYPE_CD,EFFECTIVE_DT,EXPIRATION_DT,HASH_KEY_TXT,CUSIP,FRIDAY_FORWARD_IND,PORTFOLIO_STATUS_IND,ACCOUNTING_PORTFOLIO_GROUP_CD,FUND_OF_FUND_IND,FIRS_PORTFOLIO_GROUP_CD,CALCULATE_SEC_YIELD_IND,CALCULATE_MILRATE_IND,FISCAL_YEAR_END_DT,CREATE_ID,CREATE_TS,UPDATE_ID,UPDATE_TS) values (185,33,'FUND 33',null,null,null,to_date('02-JAN-17','DD-MON-RR'),to_date('31-DEC-99','DD-MON-RR'),'11737c5bab0031b19b34a7a27c2ee8adc613eb8937abe35b53a1746176e45b0d4db02e062fda153b2eb09fb2193e6d91',null,null,null,null,null,null,null,null,null,'EXCEL_IMPORTOR',to_timestamp('02-JAN-17 03.15.28.000000000 AM','DD-MON-RR HH.MI.SSXFF AM'),null,null);
Insert into PORTFOLIO (PORTFOLIO_SID,PORTFOLIO_ID,PORTFOLIO_SHORT_NM,PORTFOLIO_NM,FDR_DISTRIBUTION_ELIGIBLE_IND,FDR_PORTFOLIO_TYPE_CD,EFFECTIVE_DT,EXPIRATION_DT,HASH_KEY_TXT,CUSIP,FRIDAY_FORWARD_IND,PORTFOLIO_STATUS_IND,ACCOUNTING_PORTFOLIO_GROUP_CD,FUND_OF_FUND_IND,FIRS_PORTFOLIO_GROUP_CD,CALCULATE_SEC_YIELD_IND,CALCULATE_MILRATE_IND,FISCAL_YEAR_END_DT,CREATE_ID,CREATE_TS,UPDATE_ID,UPDATE_TS) values (186,6,'FUND 6',null,null,null,to_date('02-JAN-17','DD-MON-RR'),to_date('31-DEC-99','DD-MON-RR'),'45d17108962062f98699e6df7c449189d6115b82b627b4803ecfaf25ce5ddbf32b1e696c1ede8ba9a22e0731c3f05c45',null,null,null,null,null,null,null,null,null,'EXCEL_IMPORTOR',to_timestamp('02-JAN-17 03.15.29.000000000 AM','DD-MON-RR HH.MI.SSXFF AM'),null,null);
Insert into PORTFOLIO (PORTFOLIO_SID,PORTFOLIO_ID,PORTFOLIO_SHORT_NM,PORTFOLIO_NM,FDR_DISTRIBUTION_ELIGIBLE_IND,FDR_PORTFOLIO_TYPE_CD,EFFECTIVE_DT,EXPIRATION_DT,HASH_KEY_TXT,CUSIP,FRIDAY_FORWARD_IND,PORTFOLIO_STATUS_IND,ACCOUNTING_PORTFOLIO_GROUP_CD,FUND_OF_FUND_IND,FIRS_PORTFOLIO_GROUP_CD,CALCULATE_SEC_YIELD_IND,CALCULATE_MILRATE_IND,FISCAL_YEAR_END_DT,CREATE_ID,CREATE_TS,UPDATE_ID,UPDATE_TS) values (187,24,'FUND 24',null,null,null,to_date('02-JAN-17','DD-MON-RR'),to_date('31-DEC-99','DD-MON-RR'),'51b77f159be65e754addf49de20d3fb8c356a5573ffde8d86380c04ad0062ed8ba91a14210fc6ea4bd36b6665a744a07',null,null,null,null,null,null,null,null,null,'EXCEL_IMPORTOR',to_timestamp('02-JAN-17 03.15.29.000000000 AM','DD-MON-RR HH.MI.SSXFF AM'),null,null);

Insert into PORTFOLIO_HOLDING_SNAPSHOT (PORTFOLIO_HOLDING_SNAPSHOT_SID,REPORTING_DT,TRADABLE_ENTITY_SID,PORTFOLIO_SID,HOLDING_BUSINESS_GROUP_VIEW_CD,HOLDING_VIEW_CD,POSITION_CD,TRADABLE_ENTITY_ID,ACCRUED_INCOME_AMT,EARNED_AMORT_BASE_AMT,EARNED_INFL_CMPS_BASE_AMT,MARKET_VALUE_BASE_AMT,INFLATION_ADJ_SHARE_CNT,SETTLE_SHARE_CNT,ORIGINAL_FACE_SHARE_QTY,FX_RT,DER_SEC_YIELD_1_DAY_INCOME_AMT,ADJ_DER_SEC_YIELD_1DAY_INC_AMT,ADJ_DER_MARKET_VALUE_BASE_AMT,ADJ_SETTLE_SHARE_CNT,ADJ_ACCRUED_INCOME_AMT,ADJ_EARNED_AMORT_BASE_AMT,ADJ_EARNED_INFL_CMPS_BASE_AMT,ADJ_COMMENTS_TXT,LAST_ADJ_USER_ID,LAST_ADJ_TS,LAST_ADJ_APPROVAL_STATUS_CD,LAST_ADJ_APPROVER_USER_ID,LAST_ADJ_APPROVAL_TS,CREATE_ID,CREATE_TS,UPDATE_ID,UPDATE_TS) values (281,to_date('01-DEC-14','DD-MON-RR'),249,175,'FA','EOD','LONG',1,145.94,0,0,23160000,23160000,23160000,null,1,null,null,null,null,null,null,null,null,'EXCEL_IMPORTOR',to_timestamp('02-JAN-17 12.00.00.000000000 AM','DD-MON-RR HH.MI.SSXFF AM'),null,'EXCEL_IMPORTOR',null,'EXCEL_IMPORTOR',to_timestamp('02-JAN-17 03.15.16.000000000 AM','DD-MON-RR HH.MI.SSXFF AM'),null,null);
Insert into PORTFOLIO_HOLDING_SNAPSHOT (PORTFOLIO_HOLDING_SNAPSHOT_SID,REPORTING_DT,TRADABLE_ENTITY_SID,PORTFOLIO_SID,HOLDING_BUSINESS_GROUP_VIEW_CD,HOLDING_VIEW_CD,POSITION_CD,TRADABLE_ENTITY_ID,ACCRUED_INCOME_AMT,EARNED_AMORT_BASE_AMT,EARNED_INFL_CMPS_BASE_AMT,MARKET_VALUE_BASE_AMT,INFLATION_ADJ_SHARE_CNT,SETTLE_SHARE_CNT,ORIGINAL_FACE_SHARE_QTY,FX_RT,DER_SEC_YIELD_1_DAY_INCOME_AMT,ADJ_DER_SEC_YIELD_1DAY_INC_AMT,ADJ_DER_MARKET_VALUE_BASE_AMT,ADJ_SETTLE_SHARE_CNT,ADJ_ACCRUED_INCOME_AMT,ADJ_EARNED_AMORT_BASE_AMT,ADJ_EARNED_INFL_CMPS_BASE_AMT,ADJ_COMMENTS_TXT,LAST_ADJ_USER_ID,LAST_ADJ_TS,LAST_ADJ_APPROVAL_STATUS_CD,LAST_ADJ_APPROVER_USER_ID,LAST_ADJ_APPROVAL_TS,CREATE_ID,CREATE_TS,UPDATE_ID,UPDATE_TS) values (282,to_date('01-DEC-14','DD-MON-RR'),250,176,'FA','EOD','LONG',1,7.12,0,0,1000000,1000000,1000000,null,1,null,null,null,null,null,null,null,null,'EXCEL_IMPORTOR',to_timestamp('02-JAN-17 12.00.00.000000000 AM','DD-MON-RR HH.MI.SSXFF AM'),null,'EXCEL_IMPORTOR',null,'EXCEL_IMPORTOR',to_timestamp('02-JAN-17 03.15.17.000000000 AM','DD-MON-RR HH.MI.SSXFF AM'),null,null);
Insert into PORTFOLIO_HOLDING_SNAPSHOT (PORTFOLIO_HOLDING_SNAPSHOT_SID,REPORTING_DT,TRADABLE_ENTITY_SID,PORTFOLIO_SID,HOLDING_BUSINESS_GROUP_VIEW_CD,HOLDING_VIEW_CD,POSITION_CD,TRADABLE_ENTITY_ID,ACCRUED_INCOME_AMT,EARNED_AMORT_BASE_AMT,EARNED_INFL_CMPS_BASE_AMT,MARKET_VALUE_BASE_AMT,INFLATION_ADJ_SHARE_CNT,SETTLE_SHARE_CNT,ORIGINAL_FACE_SHARE_QTY,FX_RT,DER_SEC_YIELD_1_DAY_INCOME_AMT,ADJ_DER_SEC_YIELD_1DAY_INC_AMT,ADJ_DER_MARKET_VALUE_BASE_AMT,ADJ_SETTLE_SHARE_CNT,ADJ_ACCRUED_INCOME_AMT,ADJ_EARNED_AMORT_BASE_AMT,ADJ_EARNED_INFL_CMPS_BASE_AMT,ADJ_COMMENTS_TXT,LAST_ADJ_USER_ID,LAST_ADJ_TS,LAST_ADJ_APPROVAL_STATUS_CD,LAST_ADJ_APPROVER_USER_ID,LAST_ADJ_APPROVAL_TS,CREATE_ID,CREATE_TS,UPDATE_ID,UPDATE_TS) values (283,to_date('01-DEC-14','DD-MON-RR'),251,177,'FA','EOD','LONG',1,638.75,0,0,330000,330000,330000,null,1,null,null,null,null,null,null,null,null,'EXCEL_IMPORTOR',to_timestamp('02-JAN-17 12.00.00.000000000 AM','DD-MON-RR HH.MI.SSXFF AM'),null,'EXCEL_IMPORTOR',null,'EXCEL_IMPORTOR',to_timestamp('02-JAN-17 03.15.18.000000000 AM','DD-MON-RR HH.MI.SSXFF AM'),null,null);
Insert into PORTFOLIO_HOLDING_SNAPSHOT (PORTFOLIO_HOLDING_SNAPSHOT_SID,REPORTING_DT,TRADABLE_ENTITY_SID,PORTFOLIO_SID,HOLDING_BUSINESS_GROUP_VIEW_CD,HOLDING_VIEW_CD,POSITION_CD,TRADABLE_ENTITY_ID,ACCRUED_INCOME_AMT,EARNED_AMORT_BASE_AMT,EARNED_INFL_CMPS_BASE_AMT,MARKET_VALUE_BASE_AMT,INFLATION_ADJ_SHARE_CNT,SETTLE_SHARE_CNT,ORIGINAL_FACE_SHARE_QTY,FX_RT,DER_SEC_YIELD_1_DAY_INCOME_AMT,ADJ_DER_SEC_YIELD_1DAY_INC_AMT,ADJ_DER_MARKET_VALUE_BASE_AMT,ADJ_SETTLE_SHARE_CNT,ADJ_ACCRUED_INCOME_AMT,ADJ_EARNED_AMORT_BASE_AMT,ADJ_EARNED_INFL_CMPS_BASE_AMT,ADJ_COMMENTS_TXT,LAST_ADJ_USER_ID,LAST_ADJ_TS,LAST_ADJ_APPROVAL_STATUS_CD,LAST_ADJ_APPROVER_USER_ID,LAST_ADJ_APPROVAL_TS,CREATE_ID,CREATE_TS,UPDATE_ID,UPDATE_TS) values (284,to_date('01-DEC-14','DD-MON-RR'),252,176,'FA','EOD','LONG',1,8.22,0,0,1000000,1000000,1000000,null,1,null,null,null,null,null,null,null,null,'EXCEL_IMPORTOR',to_timestamp('02-JAN-17 12.00.00.000000000 AM','DD-MON-RR HH.MI.SSXFF AM'),null,'EXCEL_IMPORTOR',null,'EXCEL_IMPORTOR',to_timestamp('02-JAN-17 03.15.18.000000000 AM','DD-MON-RR HH.MI.SSXFF AM'),null,null);
Insert into PORTFOLIO_HOLDING_SNAPSHOT (PORTFOLIO_HOLDING_SNAPSHOT_SID,REPORTING_DT,TRADABLE_ENTITY_SID,PORTFOLIO_SID,HOLDING_BUSINESS_GROUP_VIEW_CD,HOLDING_VIEW_CD,POSITION_CD,TRADABLE_ENTITY_ID,ACCRUED_INCOME_AMT,EARNED_AMORT_BASE_AMT,EARNED_INFL_CMPS_BASE_AMT,MARKET_VALUE_BASE_AMT,INFLATION_ADJ_SHARE_CNT,SETTLE_SHARE_CNT,ORIGINAL_FACE_SHARE_QTY,FX_RT,DER_SEC_YIELD_1_DAY_INCOME_AMT,ADJ_DER_SEC_YIELD_1DAY_INC_AMT,ADJ_DER_MARKET_VALUE_BASE_AMT,ADJ_SETTLE_SHARE_CNT,ADJ_ACCRUED_INCOME_AMT,ADJ_EARNED_AMORT_BASE_AMT,ADJ_EARNED_INFL_CMPS_BASE_AMT,ADJ_COMMENTS_TXT,LAST_ADJ_USER_ID,LAST_ADJ_TS,LAST_ADJ_APPROVAL_STATUS_CD,LAST_ADJ_APPROVER_USER_ID,LAST_ADJ_APPROVAL_TS,CREATE_ID,CREATE_TS,UPDATE_ID,UPDATE_TS) values (285,to_date('01-DEC-14','DD-MON-RR'),253,176,'FA','EOD','LONG',1,3215.1,0,0,1750725,1750725,1750725,null,1,null,null,null,null,null,null,null,null,'EXCEL_IMPORTOR',to_timestamp('02-JAN-17 12.00.00.000000000 AM','DD-MON-RR HH.MI.SSXFF AM'),null,'EXCEL_IMPORTOR',null,'EXCEL_IMPORTOR',to_timestamp('02-JAN-17 03.15.19.000000000 AM','DD-MON-RR HH.MI.SSXFF AM'),null,null);
Insert into PORTFOLIO_HOLDING_SNAPSHOT (PORTFOLIO_HOLDING_SNAPSHOT_SID,REPORTING_DT,TRADABLE_ENTITY_SID,PORTFOLIO_SID,HOLDING_BUSINESS_GROUP_VIEW_CD,HOLDING_VIEW_CD,POSITION_CD,TRADABLE_ENTITY_ID,ACCRUED_INCOME_AMT,EARNED_AMORT_BASE_AMT,EARNED_INFL_CMPS_BASE_AMT,MARKET_VALUE_BASE_AMT,INFLATION_ADJ_SHARE_CNT,SETTLE_SHARE_CNT,ORIGINAL_FACE_SHARE_QTY,FX_RT,DER_SEC_YIELD_1_DAY_INCOME_AMT,ADJ_DER_SEC_YIELD_1DAY_INC_AMT,ADJ_DER_MARKET_VALUE_BASE_AMT,ADJ_SETTLE_SHARE_CNT,ADJ_ACCRUED_INCOME_AMT,ADJ_EARNED_AMORT_BASE_AMT,ADJ_EARNED_INFL_CMPS_BASE_AMT,ADJ_COMMENTS_TXT,LAST_ADJ_USER_ID,LAST_ADJ_TS,LAST_ADJ_APPROVAL_STATUS_CD,LAST_ADJ_APPROVER_USER_ID,LAST_ADJ_APPROVAL_TS,CREATE_ID,CREATE_TS,UPDATE_ID,UPDATE_TS) values (286,to_date('01-DEC-14','DD-MON-RR'),254,176,'FA','EOD','LONG',1,8.22,0,0,1200000,1200000,1200000,null,1,null,null,null,null,null,null,null,null,'EXCEL_IMPORTOR',to_timestamp('02-JAN-17 12.00.00.000000000 AM','DD-MON-RR HH.MI.SSXFF AM'),null,'EXCEL_IMPORTOR',null,'EXCEL_IMPORTOR',to_timestamp('02-JAN-17 03.15.20.000000000 AM','DD-MON-RR HH.MI.SSXFF AM'),null,null);
Insert into PORTFOLIO_HOLDING_SNAPSHOT (PORTFOLIO_HOLDING_SNAPSHOT_SID,REPORTING_DT,TRADABLE_ENTITY_SID,PORTFOLIO_SID,HOLDING_BUSINESS_GROUP_VIEW_CD,HOLDING_VIEW_CD,POSITION_CD,TRADABLE_ENTITY_ID,ACCRUED_INCOME_AMT,EARNED_AMORT_BASE_AMT,EARNED_INFL_CMPS_BASE_AMT,MARKET_VALUE_BASE_AMT,INFLATION_ADJ_SHARE_CNT,SETTLE_SHARE_CNT,ORIGINAL_FACE_SHARE_QTY,FX_RT,DER_SEC_YIELD_1_DAY_INCOME_AMT,ADJ_DER_SEC_YIELD_1DAY_INC_AMT,ADJ_DER_MARKET_VALUE_BASE_AMT,ADJ_SETTLE_SHARE_CNT,ADJ_ACCRUED_INCOME_AMT,ADJ_EARNED_AMORT_BASE_AMT,ADJ_EARNED_INFL_CMPS_BASE_AMT,ADJ_COMMENTS_TXT,LAST_ADJ_USER_ID,LAST_ADJ_TS,LAST_ADJ_APPROVAL_STATUS_CD,LAST_ADJ_APPROVER_USER_ID,LAST_ADJ_APPROVAL_TS,CREATE_ID,CREATE_TS,UPDATE_ID,UPDATE_TS) values (287,to_date('01-DEC-14','DD-MON-RR'),255,175,'FA','EOD','LONG',1,9.45,0,0,2300000,2300000,2300000,null,1,null,null,null,null,null,null,null,null,'EXCEL_IMPORTOR',to_timestamp('02-JAN-17 12.00.00.000000000 AM','DD-MON-RR HH.MI.SSXFF AM'),null,'EXCEL_IMPORTOR',null,'EXCEL_IMPORTOR',to_timestamp('02-JAN-17 03.15.21.000000000 AM','DD-MON-RR HH.MI.SSXFF AM'),null,null);
Insert into PORTFOLIO_HOLDING_SNAPSHOT (PORTFOLIO_HOLDING_SNAPSHOT_SID,REPORTING_DT,TRADABLE_ENTITY_SID,PORTFOLIO_SID,HOLDING_BUSINESS_GROUP_VIEW_CD,HOLDING_VIEW_CD,POSITION_CD,TRADABLE_ENTITY_ID,ACCRUED_INCOME_AMT,EARNED_AMORT_BASE_AMT,EARNED_INFL_CMPS_BASE_AMT,MARKET_VALUE_BASE_AMT,INFLATION_ADJ_SHARE_CNT,SETTLE_SHARE_CNT,ORIGINAL_FACE_SHARE_QTY,FX_RT,DER_SEC_YIELD_1_DAY_INCOME_AMT,ADJ_DER_SEC_YIELD_1DAY_INC_AMT,ADJ_DER_MARKET_VALUE_BASE_AMT,ADJ_SETTLE_SHARE_CNT,ADJ_ACCRUED_INCOME_AMT,ADJ_EARNED_AMORT_BASE_AMT,ADJ_EARNED_INFL_CMPS_BASE_AMT,ADJ_COMMENTS_TXT,LAST_ADJ_USER_ID,LAST_ADJ_TS,LAST_ADJ_APPROVAL_STATUS_CD,LAST_ADJ_APPROVER_USER_ID,LAST_ADJ_APPROVAL_TS,CREATE_ID,CREATE_TS,UPDATE_ID,UPDATE_TS) values (288,to_date('01-DEC-14','DD-MON-RR'),256,176,'FA','EOD','LONG',1,310.68,0,0,2700000,2700000,2700000,null,1,null,null,null,null,null,null,null,null,'EXCEL_IMPORTOR',to_timestamp('02-JAN-17 12.00.00.000000000 AM','DD-MON-RR HH.MI.SSXFF AM'),null,'EXCEL_IMPORTOR',null,'EXCEL_IMPORTOR',to_timestamp('02-JAN-17 03.15.21.000000000 AM','DD-MON-RR HH.MI.SSXFF AM'),null,null);
Insert into PORTFOLIO_HOLDING_SNAPSHOT (PORTFOLIO_HOLDING_SNAPSHOT_SID,REPORTING_DT,TRADABLE_ENTITY_SID,PORTFOLIO_SID,HOLDING_BUSINESS_GROUP_VIEW_CD,HOLDING_VIEW_CD,POSITION_CD,TRADABLE_ENTITY_ID,ACCRUED_INCOME_AMT,EARNED_AMORT_BASE_AMT,EARNED_INFL_CMPS_BASE_AMT,MARKET_VALUE_BASE_AMT,INFLATION_ADJ_SHARE_CNT,SETTLE_SHARE_CNT,ORIGINAL_FACE_SHARE_QTY,FX_RT,DER_SEC_YIELD_1_DAY_INCOME_AMT,ADJ_DER_SEC_YIELD_1DAY_INC_AMT,ADJ_DER_MARKET_VALUE_BASE_AMT,ADJ_SETTLE_SHARE_CNT,ADJ_ACCRUED_INCOME_AMT,ADJ_EARNED_AMORT_BASE_AMT,ADJ_EARNED_INFL_CMPS_BASE_AMT,ADJ_COMMENTS_TXT,LAST_ADJ_USER_ID,LAST_ADJ_TS,LAST_ADJ_APPROVAL_STATUS_CD,LAST_ADJ_APPROVER_USER_ID,LAST_ADJ_APPROVAL_TS,CREATE_ID,CREATE_TS,UPDATE_ID,UPDATE_TS) values (289,to_date('01-DEC-14','DD-MON-RR'),257,178,'FA','EOD','LONG',1,1612.46,-305.57,-746.81,9902221.69,9782239.85,9335000,null,1,null,null,null,null,null,null,null,null,'EXCEL_IMPORTOR',to_timestamp('02-JAN-17 12.00.00.000000000 AM','DD-MON-RR HH.MI.SSXFF AM'),null,'EXCEL_IMPORTOR',null,'EXCEL_IMPORTOR',to_timestamp('02-JAN-17 03.15.22.000000000 AM','DD-MON-RR HH.MI.SSXFF AM'),null,null);
Insert into PORTFOLIO_HOLDING_SNAPSHOT (PORTFOLIO_HOLDING_SNAPSHOT_SID,REPORTING_DT,TRADABLE_ENTITY_SID,PORTFOLIO_SID,HOLDING_BUSINESS_GROUP_VIEW_CD,HOLDING_VIEW_CD,POSITION_CD,TRADABLE_ENTITY_ID,ACCRUED_INCOME_AMT,EARNED_AMORT_BASE_AMT,EARNED_INFL_CMPS_BASE_AMT,MARKET_VALUE_BASE_AMT,INFLATION_ADJ_SHARE_CNT,SETTLE_SHARE_CNT,ORIGINAL_FACE_SHARE_QTY,FX_RT,DER_SEC_YIELD_1_DAY_INCOME_AMT,ADJ_DER_SEC_YIELD_1DAY_INC_AMT,ADJ_DER_MARKET_VALUE_BASE_AMT,ADJ_SETTLE_SHARE_CNT,ADJ_ACCRUED_INCOME_AMT,ADJ_EARNED_AMORT_BASE_AMT,ADJ_EARNED_INFL_CMPS_BASE_AMT,ADJ_COMMENTS_TXT,LAST_ADJ_USER_ID,LAST_ADJ_TS,LAST_ADJ_APPROVAL_STATUS_CD,LAST_ADJ_APPROVER_USER_ID,LAST_ADJ_APPROVAL_TS,CREATE_ID,CREATE_TS,UPDATE_ID,UPDATE_TS) values (290,to_date('01-DEC-14','DD-MON-RR'),257,179,'FA','EOD','LONG',1,2685.99,-568.58,-1244,16494863.13,16295000.5,15550000,null,1,null,null,null,null,null,null,null,null,'EXCEL_IMPORTOR',to_timestamp('02-JAN-17 12.00.00.000000000 AM','DD-MON-RR HH.MI.SSXFF AM'),null,'EXCEL_IMPORTOR',null,'EXCEL_IMPORTOR',to_timestamp('02-JAN-17 03.15.22.000000000 AM','DD-MON-RR HH.MI.SSXFF AM'),null,null);
Insert into PORTFOLIO_HOLDING_SNAPSHOT (PORTFOLIO_HOLDING_SNAPSHOT_SID,REPORTING_DT,TRADABLE_ENTITY_SID,PORTFOLIO_SID,HOLDING_BUSINESS_GROUP_VIEW_CD,HOLDING_VIEW_CD,POSITION_CD,TRADABLE_ENTITY_ID,ACCRUED_INCOME_AMT,EARNED_AMORT_BASE_AMT,EARNED_INFL_CMPS_BASE_AMT,MARKET_VALUE_BASE_AMT,INFLATION_ADJ_SHARE_CNT,SETTLE_SHARE_CNT,ORIGINAL_FACE_SHARE_QTY,FX_RT,DER_SEC_YIELD_1_DAY_INCOME_AMT,ADJ_DER_SEC_YIELD_1DAY_INC_AMT,ADJ_DER_MARKET_VALUE_BASE_AMT,ADJ_SETTLE_SHARE_CNT,ADJ_ACCRUED_INCOME_AMT,ADJ_EARNED_AMORT_BASE_AMT,ADJ_EARNED_INFL_CMPS_BASE_AMT,ADJ_COMMENTS_TXT,LAST_ADJ_USER_ID,LAST_ADJ_TS,LAST_ADJ_APPROVAL_STATUS_CD,LAST_ADJ_APPROVER_USER_ID,LAST_ADJ_APPROVAL_TS,CREATE_ID,CREATE_TS,UPDATE_ID,UPDATE_TS) values (291,to_date('01-DEC-14','DD-MON-RR'),257,180,'FA','EOD','LONG',1,1683.28,-316.79,-779.59,10337134.48,10211882.95,9745000,null,1,null,null,null,null,null,null,null,null,'EXCEL_IMPORTOR',to_timestamp('02-JAN-17 12.00.00.000000000 AM','DD-MON-RR HH.MI.SSXFF AM'),null,'EXCEL_IMPORTOR',null,'EXCEL_IMPORTOR',to_timestamp('02-JAN-17 03.15.23.000000000 AM','DD-MON-RR HH.MI.SSXFF AM'),null,null);
Insert into PORTFOLIO_HOLDING_SNAPSHOT (PORTFOLIO_HOLDING_SNAPSHOT_SID,REPORTING_DT,TRADABLE_ENTITY_SID,PORTFOLIO_SID,HOLDING_BUSINESS_GROUP_VIEW_CD,HOLDING_VIEW_CD,POSITION_CD,TRADABLE_ENTITY_ID,ACCRUED_INCOME_AMT,EARNED_AMORT_BASE_AMT,EARNED_INFL_CMPS_BASE_AMT,MARKET_VALUE_BASE_AMT,INFLATION_ADJ_SHARE_CNT,SETTLE_SHARE_CNT,ORIGINAL_FACE_SHARE_QTY,FX_RT,DER_SEC_YIELD_1_DAY_INCOME_AMT,ADJ_DER_SEC_YIELD_1DAY_INC_AMT,ADJ_DER_MARKET_VALUE_BASE_AMT,ADJ_SETTLE_SHARE_CNT,ADJ_ACCRUED_INCOME_AMT,ADJ_EARNED_AMORT_BASE_AMT,ADJ_EARNED_INFL_CMPS_BASE_AMT,ADJ_COMMENTS_TXT,LAST_ADJ_USER_ID,LAST_ADJ_TS,LAST_ADJ_APPROVAL_STATUS_CD,LAST_ADJ_APPROVER_USER_ID,LAST_ADJ_APPROVAL_TS,CREATE_ID,CREATE_TS,UPDATE_ID,UPDATE_TS) values (292,to_date('01-DEC-14','DD-MON-RR'),258,175,'FA','EOD','LONG',1,4634.84,0,0,12855000,12855000,12855000,null,1,null,null,null,null,null,null,null,null,'EXCEL_IMPORTOR',to_timestamp('02-JAN-17 12.00.00.000000000 AM','DD-MON-RR HH.MI.SSXFF AM'),null,'EXCEL_IMPORTOR',null,'EXCEL_IMPORTOR',to_timestamp('02-JAN-17 03.15.24.000000000 AM','DD-MON-RR HH.MI.SSXFF AM'),null,null);
Insert into PORTFOLIO_HOLDING_SNAPSHOT (PORTFOLIO_HOLDING_SNAPSHOT_SID,REPORTING_DT,TRADABLE_ENTITY_SID,PORTFOLIO_SID,HOLDING_BUSINESS_GROUP_VIEW_CD,HOLDING_VIEW_CD,POSITION_CD,TRADABLE_ENTITY_ID,ACCRUED_INCOME_AMT,EARNED_AMORT_BASE_AMT,EARNED_INFL_CMPS_BASE_AMT,MARKET_VALUE_BASE_AMT,INFLATION_ADJ_SHARE_CNT,SETTLE_SHARE_CNT,ORIGINAL_FACE_SHARE_QTY,FX_RT,DER_SEC_YIELD_1_DAY_INCOME_AMT,ADJ_DER_SEC_YIELD_1DAY_INC_AMT,ADJ_DER_MARKET_VALUE_BASE_AMT,ADJ_SETTLE_SHARE_CNT,ADJ_ACCRUED_INCOME_AMT,ADJ_EARNED_AMORT_BASE_AMT,ADJ_EARNED_INFL_CMPS_BASE_AMT,ADJ_COMMENTS_TXT,LAST_ADJ_USER_ID,LAST_ADJ_TS,LAST_ADJ_APPROVAL_STATUS_CD,LAST_ADJ_APPROVER_USER_ID,LAST_ADJ_APPROVAL_TS,CREATE_ID,CREATE_TS,UPDATE_ID,UPDATE_TS) values (293,to_date('01-DEC-14','DD-MON-RR'),258,176,'FA','EOD','LONG',1,252.38,0,0,700000,700000,700000,null,1,null,null,null,null,null,null,null,null,'EXCEL_IMPORTOR',to_timestamp('02-JAN-17 12.00.00.000000000 AM','DD-MON-RR HH.MI.SSXFF AM'),null,'EXCEL_IMPORTOR',null,'EXCEL_IMPORTOR',to_timestamp('02-JAN-17 03.15.24.000000000 AM','DD-MON-RR HH.MI.SSXFF AM'),null,null);
Insert into PORTFOLIO_HOLDING_SNAPSHOT (PORTFOLIO_HOLDING_SNAPSHOT_SID,REPORTING_DT,TRADABLE_ENTITY_SID,PORTFOLIO_SID,HOLDING_BUSINESS_GROUP_VIEW_CD,HOLDING_VIEW_CD,POSITION_CD,TRADABLE_ENTITY_ID,ACCRUED_INCOME_AMT,EARNED_AMORT_BASE_AMT,EARNED_INFL_CMPS_BASE_AMT,MARKET_VALUE_BASE_AMT,INFLATION_ADJ_SHARE_CNT,SETTLE_SHARE_CNT,ORIGINAL_FACE_SHARE_QTY,FX_RT,DER_SEC_YIELD_1_DAY_INCOME_AMT,ADJ_DER_SEC_YIELD_1DAY_INC_AMT,ADJ_DER_MARKET_VALUE_BASE_AMT,ADJ_SETTLE_SHARE_CNT,ADJ_ACCRUED_INCOME_AMT,ADJ_EARNED_AMORT_BASE_AMT,ADJ_EARNED_INFL_CMPS_BASE_AMT,ADJ_COMMENTS_TXT,LAST_ADJ_USER_ID,LAST_ADJ_TS,LAST_ADJ_APPROVAL_STATUS_CD,LAST_ADJ_APPROVER_USER_ID,LAST_ADJ_APPROVAL_TS,CREATE_ID,CREATE_TS,UPDATE_ID,UPDATE_TS) values (294,to_date('01-DEC-14','DD-MON-RR'),259,181,'FA','EOD','LONG',1,4265.88,0,0,20237044.51,17400000,17400000,null,0.6353442,null,null,null,null,null,null,null,null,'EXCEL_IMPORTOR',to_timestamp('02-JAN-17 12.00.00.000000000 AM','DD-MON-RR HH.MI.SSXFF AM'),null,'EXCEL_IMPORTOR',null,'EXCEL_IMPORTOR',to_timestamp('02-JAN-17 03.15.25.000000000 AM','DD-MON-RR HH.MI.SSXFF AM'),null,null);
Insert into PORTFOLIO_HOLDING_SNAPSHOT (PORTFOLIO_HOLDING_SNAPSHOT_SID,REPORTING_DT,TRADABLE_ENTITY_SID,PORTFOLIO_SID,HOLDING_BUSINESS_GROUP_VIEW_CD,HOLDING_VIEW_CD,POSITION_CD,TRADABLE_ENTITY_ID,ACCRUED_INCOME_AMT,EARNED_AMORT_BASE_AMT,EARNED_INFL_CMPS_BASE_AMT,MARKET_VALUE_BASE_AMT,INFLATION_ADJ_SHARE_CNT,SETTLE_SHARE_CNT,ORIGINAL_FACE_SHARE_QTY,FX_RT,DER_SEC_YIELD_1_DAY_INCOME_AMT,ADJ_DER_SEC_YIELD_1DAY_INC_AMT,ADJ_DER_MARKET_VALUE_BASE_AMT,ADJ_SETTLE_SHARE_CNT,ADJ_ACCRUED_INCOME_AMT,ADJ_EARNED_AMORT_BASE_AMT,ADJ_EARNED_INFL_CMPS_BASE_AMT,ADJ_COMMENTS_TXT,LAST_ADJ_USER_ID,LAST_ADJ_TS,LAST_ADJ_APPROVAL_STATUS_CD,LAST_ADJ_APPROVER_USER_ID,LAST_ADJ_APPROVAL_TS,CREATE_ID,CREATE_TS,UPDATE_ID,UPDATE_TS) values (295,to_date('01-DEC-14','DD-MON-RR'),259,182,'FA','EOD','LONG',1,4780.73,0,0,22679446.43,19500000,19500000,null,0.6353442,null,null,null,null,null,null,null,null,'EXCEL_IMPORTOR',to_timestamp('02-JAN-17 12.00.00.000000000 AM','DD-MON-RR HH.MI.SSXFF AM'),null,'EXCEL_IMPORTOR',null,'EXCEL_IMPORTOR',to_timestamp('02-JAN-17 03.15.26.000000000 AM','DD-MON-RR HH.MI.SSXFF AM'),null,null);
Insert into PORTFOLIO_HOLDING_SNAPSHOT (PORTFOLIO_HOLDING_SNAPSHOT_SID,REPORTING_DT,TRADABLE_ENTITY_SID,PORTFOLIO_SID,HOLDING_BUSINESS_GROUP_VIEW_CD,HOLDING_VIEW_CD,POSITION_CD,TRADABLE_ENTITY_ID,ACCRUED_INCOME_AMT,EARNED_AMORT_BASE_AMT,EARNED_INFL_CMPS_BASE_AMT,MARKET_VALUE_BASE_AMT,INFLATION_ADJ_SHARE_CNT,SETTLE_SHARE_CNT,ORIGINAL_FACE_SHARE_QTY,FX_RT,DER_SEC_YIELD_1_DAY_INCOME_AMT,ADJ_DER_SEC_YIELD_1DAY_INC_AMT,ADJ_DER_MARKET_VALUE_BASE_AMT,ADJ_SETTLE_SHARE_CNT,ADJ_ACCRUED_INCOME_AMT,ADJ_EARNED_AMORT_BASE_AMT,ADJ_EARNED_INFL_CMPS_BASE_AMT,ADJ_COMMENTS_TXT,LAST_ADJ_USER_ID,LAST_ADJ_TS,LAST_ADJ_APPROVAL_STATUS_CD,LAST_ADJ_APPROVER_USER_ID,LAST_ADJ_APPROVAL_TS,CREATE_ID,CREATE_TS,UPDATE_ID,UPDATE_TS) values (296,to_date('01-DEC-14','DD-MON-RR'),259,183,'FA','EOD','LONG',1,600.66,0,0,2849468.91,2450000,2450000,null,0.6353442,null,null,null,null,null,null,null,null,'EXCEL_IMPORTOR',to_timestamp('02-JAN-17 12.00.00.000000000 AM','DD-MON-RR HH.MI.SSXFF AM'),null,'EXCEL_IMPORTOR',null,'EXCEL_IMPORTOR',to_timestamp('02-JAN-17 03.15.27.000000000 AM','DD-MON-RR HH.MI.SSXFF AM'),null,null);
Insert into PORTFOLIO_HOLDING_SNAPSHOT (PORTFOLIO_HOLDING_SNAPSHOT_SID,REPORTING_DT,TRADABLE_ENTITY_SID,PORTFOLIO_SID,HOLDING_BUSINESS_GROUP_VIEW_CD,HOLDING_VIEW_CD,POSITION_CD,TRADABLE_ENTITY_ID,ACCRUED_INCOME_AMT,EARNED_AMORT_BASE_AMT,EARNED_INFL_CMPS_BASE_AMT,MARKET_VALUE_BASE_AMT,INFLATION_ADJ_SHARE_CNT,SETTLE_SHARE_CNT,ORIGINAL_FACE_SHARE_QTY,FX_RT,DER_SEC_YIELD_1_DAY_INCOME_AMT,ADJ_DER_SEC_YIELD_1DAY_INC_AMT,ADJ_DER_MARKET_VALUE_BASE_AMT,ADJ_SETTLE_SHARE_CNT,ADJ_ACCRUED_INCOME_AMT,ADJ_EARNED_AMORT_BASE_AMT,ADJ_EARNED_INFL_CMPS_BASE_AMT,ADJ_COMMENTS_TXT,LAST_ADJ_USER_ID,LAST_ADJ_TS,LAST_ADJ_APPROVAL_STATUS_CD,LAST_ADJ_APPROVER_USER_ID,LAST_ADJ_APPROVAL_TS,CREATE_ID,CREATE_TS,UPDATE_ID,UPDATE_TS) values (297,to_date('01-DEC-14','DD-MON-RR'),259,184,'FA','EOD','LONG',1,4265.88,0,0,20237044.51,17400000,17400000,null,0.6353442,null,null,null,null,null,null,null,null,'EXCEL_IMPORTOR',to_timestamp('02-JAN-17 12.00.00.000000000 AM','DD-MON-RR HH.MI.SSXFF AM'),null,'EXCEL_IMPORTOR',null,'EXCEL_IMPORTOR',to_timestamp('02-JAN-17 03.15.27.000000000 AM','DD-MON-RR HH.MI.SSXFF AM'),null,null);
Insert into PORTFOLIO_HOLDING_SNAPSHOT (PORTFOLIO_HOLDING_SNAPSHOT_SID,REPORTING_DT,TRADABLE_ENTITY_SID,PORTFOLIO_SID,HOLDING_BUSINESS_GROUP_VIEW_CD,HOLDING_VIEW_CD,POSITION_CD,TRADABLE_ENTITY_ID,ACCRUED_INCOME_AMT,EARNED_AMORT_BASE_AMT,EARNED_INFL_CMPS_BASE_AMT,MARKET_VALUE_BASE_AMT,INFLATION_ADJ_SHARE_CNT,SETTLE_SHARE_CNT,ORIGINAL_FACE_SHARE_QTY,FX_RT,DER_SEC_YIELD_1_DAY_INCOME_AMT,ADJ_DER_SEC_YIELD_1DAY_INC_AMT,ADJ_DER_MARKET_VALUE_BASE_AMT,ADJ_SETTLE_SHARE_CNT,ADJ_ACCRUED_INCOME_AMT,ADJ_EARNED_AMORT_BASE_AMT,ADJ_EARNED_INFL_CMPS_BASE_AMT,ADJ_COMMENTS_TXT,LAST_ADJ_USER_ID,LAST_ADJ_TS,LAST_ADJ_APPROVAL_STATUS_CD,LAST_ADJ_APPROVER_USER_ID,LAST_ADJ_APPROVAL_TS,CREATE_ID,CREATE_TS,UPDATE_ID,UPDATE_TS) values (298,to_date('01-DEC-14','DD-MON-RR'),259,185,'FA','EOD','LONG',1,4780.73,0,0,22679446.43,19500000,19500000,null,0.6353442,null,null,null,null,null,null,null,null,'EXCEL_IMPORTOR',to_timestamp('02-JAN-17 12.00.00.000000000 AM','DD-MON-RR HH.MI.SSXFF AM'),null,'EXCEL_IMPORTOR',null,'EXCEL_IMPORTOR',to_timestamp('02-JAN-17 03.15.28.000000000 AM','DD-MON-RR HH.MI.SSXFF AM'),null,null);
Insert into PORTFOLIO_HOLDING_SNAPSHOT (PORTFOLIO_HOLDING_SNAPSHOT_SID,REPORTING_DT,TRADABLE_ENTITY_SID,PORTFOLIO_SID,HOLDING_BUSINESS_GROUP_VIEW_CD,HOLDING_VIEW_CD,POSITION_CD,TRADABLE_ENTITY_ID,ACCRUED_INCOME_AMT,EARNED_AMORT_BASE_AMT,EARNED_INFL_CMPS_BASE_AMT,MARKET_VALUE_BASE_AMT,INFLATION_ADJ_SHARE_CNT,SETTLE_SHARE_CNT,ORIGINAL_FACE_SHARE_QTY,FX_RT,DER_SEC_YIELD_1_DAY_INCOME_AMT,ADJ_DER_SEC_YIELD_1DAY_INC_AMT,ADJ_DER_MARKET_VALUE_BASE_AMT,ADJ_SETTLE_SHARE_CNT,ADJ_ACCRUED_INCOME_AMT,ADJ_EARNED_AMORT_BASE_AMT,ADJ_EARNED_INFL_CMPS_BASE_AMT,ADJ_COMMENTS_TXT,LAST_ADJ_USER_ID,LAST_ADJ_TS,LAST_ADJ_APPROVAL_STATUS_CD,LAST_ADJ_APPROVER_USER_ID,LAST_ADJ_APPROVAL_TS,CREATE_ID,CREATE_TS,UPDATE_ID,UPDATE_TS) values (299,to_date('01-DEC-14','DD-MON-RR'),260,186,'FA','EOD','LONG',1,13938.87,0,0,5684128.18,5500000,5500000,null,0.8018282,null,null,null,null,null,null,null,null,'EXCEL_IMPORTOR',to_timestamp('02-JAN-17 12.00.00.000000000 AM','DD-MON-RR HH.MI.SSXFF AM'),null,'EXCEL_IMPORTOR',null,'EXCEL_IMPORTOR',to_timestamp('02-JAN-17 03.15.29.000000000 AM','DD-MON-RR HH.MI.SSXFF AM'),null,null);
Insert into PORTFOLIO_HOLDING_SNAPSHOT (PORTFOLIO_HOLDING_SNAPSHOT_SID,REPORTING_DT,TRADABLE_ENTITY_SID,PORTFOLIO_SID,HOLDING_BUSINESS_GROUP_VIEW_CD,HOLDING_VIEW_CD,POSITION_CD,TRADABLE_ENTITY_ID,ACCRUED_INCOME_AMT,EARNED_AMORT_BASE_AMT,EARNED_INFL_CMPS_BASE_AMT,MARKET_VALUE_BASE_AMT,INFLATION_ADJ_SHARE_CNT,SETTLE_SHARE_CNT,ORIGINAL_FACE_SHARE_QTY,FX_RT,DER_SEC_YIELD_1_DAY_INCOME_AMT,ADJ_DER_SEC_YIELD_1DAY_INC_AMT,ADJ_DER_MARKET_VALUE_BASE_AMT,ADJ_SETTLE_SHARE_CNT,ADJ_ACCRUED_INCOME_AMT,ADJ_EARNED_AMORT_BASE_AMT,ADJ_EARNED_INFL_CMPS_BASE_AMT,ADJ_COMMENTS_TXT,LAST_ADJ_USER_ID,LAST_ADJ_TS,LAST_ADJ_APPROVAL_STATUS_CD,LAST_ADJ_APPROVER_USER_ID,LAST_ADJ_APPROVAL_TS,CREATE_ID,CREATE_TS,UPDATE_ID,UPDATE_TS) values (300,to_date('01-DEC-14','DD-MON-RR'),260,187,'FA','EOD','LONG',1,13938.87,0,0,5684128.18,5500000,5500000,null,0.8018282,null,null,null,null,null,null,null,null,'EXCEL_IMPORTOR',to_timestamp('02-JAN-17 12.00.00.000000000 AM','DD-MON-RR HH.MI.SSXFF AM'),null,'EXCEL_IMPORTOR',null,'EXCEL_IMPORTOR',to_timestamp('02-JAN-17 03.15.29.000000000 AM','DD-MON-RR HH.MI.SSXFF AM'),null,null);

COMMIT;