INSERT INTO customer_security_sec_data(security_identifier,report_date,iv_type,security_name,final_maturity_date,security_redemption_price,interest_rt,def_indicator,der_step_indicator,der_hybrid_indicator,security_price,fx_rate,der_tips_inflationary_ratio,io_hybrid_field,as_400_rate_type,prospective_method) VALUES ('security_identifier_0', TO_TIMESTAMP('2016-08-19 13:08:13', 'YYYY-MM-DD HH24:MI:SS'), 'VRDN', 'security_name0', TO_TIMESTAMP('2016-08-19 13:08:13', 'YYYY-MM-DD HH24:MI:SS'), 24.5, 736.6, 1, 0, 0, 273.8, 410.8, 475.0, 'io_hybrid_field_0', 'as_400_rate_type_0', 'prospective_method_0');
INSERT INTO customer_position_data(security_identifier,portfolio_number,report_date,earned_inflationary_comp_base,accrued_income,market_value,share_par_amount,earned_amortization_base,position_val_inf_adj_shares) VALUES ('security_identifier_0', 122904.5, TO_TIMESTAMP('2016-08-19 13:08:13', 'YYYY-MM-DD HH24:MI:SS'), 392.2, 122.3, 164.9, 17.7, 527.5, 5.1);
INSERT INTO customer_position_data(security_identifier,portfolio_number,report_date,earned_inflationary_comp_base,accrued_income,market_value,share_par_amount,earned_amortization_base,position_val_inf_adj_shares) VALUES ('security_identifier_0', 3410.7, TO_TIMESTAMP('2016-08-19 13:08:13', 'YYYY-MM-DD HH24:MI:SS'), 53.1, 74.6, 38.3, 248.7, 45.4, 41.3);
INSERT INTO customer_position_data(security_identifier,portfolio_number,report_date,earned_inflationary_comp_base,accrued_income,market_value,share_par_amount,earned_amortization_base,position_val_inf_adj_shares) VALUES ('security_identifier_0', 835430.4, TO_TIMESTAMP('2016-08-19 13:08:13', 'YYYY-MM-DD HH24:MI:SS'), 237.6, 114.0, 15.3, 303.8, 10.3, 334.7);
INSERT INTO customer_position_data(security_identifier,portfolio_number,report_date,earned_inflationary_comp_base,accrued_income,market_value,share_par_amount,earned_amortization_base,position_val_inf_adj_shares) VALUES ('security_identifier_0', 42843.5, TO_TIMESTAMP('2016-08-19 13:08:13', 'YYYY-MM-DD HH24:MI:SS'), 80.1, 34.3, 89.1, 345.0, 58.0, 0.7);
INSERT INTO customer_position_data(security_identifier,portfolio_number,report_date,earned_inflationary_comp_base,accrued_income,market_value,share_par_amount,earned_amortization_base,position_val_inf_adj_shares) VALUES ('security_identifier_0', 292058.6, TO_TIMESTAMP('2016-08-19 13:08:13', 'YYYY-MM-DD HH24:MI:SS'), 566.9, 534.9, 567.5, 45.7, 531.8, 688.3);
INSERT INTO customer_position_data(security_identifier,portfolio_number,report_date,earned_inflationary_comp_base,accrued_income,market_value,share_par_amount,earned_amortization_base,position_val_inf_adj_shares) VALUES ('security_identifier_0', 244427.5, TO_TIMESTAMP('2016-08-19 13:08:13', 'YYYY-MM-DD HH24:MI:SS'), 335.9, 172.2, 186.8, 43.7, 592.9, 327.9);
INSERT INTO customer_position_data(security_identifier,portfolio_number,report_date,earned_inflationary_comp_base,accrued_income,market_value,share_par_amount,earned_amortization_base,position_val_inf_adj_shares) VALUES ('security_identifier_0', 76456.6, TO_TIMESTAMP('2016-08-19 13:08:13', 'YYYY-MM-DD HH24:MI:SS'), 124.6, 181.6, 76.5, 553.9, 417.4, 208.1);
INSERT INTO customer_position_data(security_identifier,portfolio_number,report_date,earned_inflationary_comp_base,accrued_income,market_value,share_par_amount,earned_amortization_base,position_val_inf_adj_shares) VALUES ('security_identifier_0', 213191.1, TO_TIMESTAMP('2016-08-19 13:08:13', 'YYYY-MM-DD HH24:MI:SS'), 548.7, 361.3, 325.5, 824.0, 94.9, 91.2);
INSERT INTO customer_position_data(security_identifier,portfolio_number,report_date,earned_inflationary_comp_base,accrued_income,market_value,share_par_amount,earned_amortization_base,position_val_inf_adj_shares) VALUES ('security_identifier_0', 66215.3, TO_TIMESTAMP('2016-08-19 13:08:13', 'YYYY-MM-DD HH24:MI:SS'), 185.1, 60.7, 77.8, 860.4, 220.5, 176.9);
INSERT INTO customer_position_data(security_identifier,portfolio_number,report_date,earned_inflationary_comp_base,accrued_income,market_value,share_par_amount,earned_amortization_base,position_val_inf_adj_shares) VALUES ('security_identifier_0', 316421.0, TO_TIMESTAMP('2016-08-19 13:08:13', 'YYYY-MM-DD HH24:MI:SS'), 286.2, 331.7, 114.5, 210.9, 477.3, 79.2);
INSERT INTO customer_security_sec_data(security_identifier,report_date,iv_type,security_name,final_maturity_date,security_redemption_price,interest_rt,def_indicator,der_step_indicator,der_hybrid_indicator,security_price,fx_rate,der_tips_inflationary_ratio,io_hybrid_field,as_400_rate_type,prospective_method) VALUES ('security_identifier_1', TO_TIMESTAMP('2016-08-19 12:08:13', 'YYYY-MM-DD HH24:MI:SS'), 'DVRN', 'security_name1', TO_TIMESTAMP('2016-08-19 13:08:13', 'YYYY-MM-DD HH24:MI:SS'), 561.4, 85.6, 0, 0, 0, 49.3, 159.5, 428.6, 'io_hybrid_field_1', 'as_400_rate_type_1', 'prospective_method_1');
INSERT INTO customer_position_data(security_identifier,portfolio_number,report_date,earned_inflationary_comp_base,accrued_income,market_value,share_par_amount,earned_amortization_base,position_val_inf_adj_shares) VALUES ('security_identifier_1', 779545.5, TO_TIMESTAMP('2016-08-19 12:08:13', 'YYYY-MM-DD HH24:MI:SS'), 124.6, 193.2, 69.5, 137.9, 250.4, 95.2);
INSERT INTO customer_position_data(security_identifier,portfolio_number,report_date,earned_inflationary_comp_base,accrued_income,market_value,share_par_amount,earned_amortization_base,position_val_inf_adj_shares) VALUES ('security_identifier_1', 10564.5, TO_TIMESTAMP('2016-08-19 12:08:13', 'YYYY-MM-DD HH24:MI:SS'), 539.0, 316.5, 31.2, 216.4, 726.8, 236.4);
INSERT INTO customer_position_data(security_identifier,portfolio_number,report_date,earned_inflationary_comp_base,accrued_income,market_value,share_par_amount,earned_amortization_base,position_val_inf_adj_shares) VALUES ('security_identifier_1', 142422.0, TO_TIMESTAMP('2016-08-19 12:08:13', 'YYYY-MM-DD HH24:MI:SS'), 160.0, 657.6, 189.5, 176.9, 22.5, 99.2);
INSERT INTO customer_position_data(security_identifier,portfolio_number,report_date,earned_inflationary_comp_base,accrued_income,market_value,share_par_amount,earned_amortization_base,position_val_inf_adj_shares) VALUES ('security_identifier_1', 133836.1, TO_TIMESTAMP('2016-08-19 12:08:13', 'YYYY-MM-DD HH24:MI:SS'), 793.2, 110.2, 336.8, 156.4, 384.8, 148.5);
INSERT INTO customer_position_data(security_identifier,portfolio_number,report_date,earned_inflationary_comp_base,accrued_income,market_value,share_par_amount,earned_amortization_base,position_val_inf_adj_shares) VALUES ('security_identifier_1', 100767.4, TO_TIMESTAMP('2016-08-19 12:08:13', 'YYYY-MM-DD HH24:MI:SS'), 6.5, 524.3, 178.2, 770.9, 732.2, 68.7);
INSERT INTO customer_position_data(security_identifier,portfolio_number,report_date,earned_inflationary_comp_base,accrued_income,market_value,share_par_amount,earned_amortization_base,position_val_inf_adj_shares) VALUES ('security_identifier_1', 919668.8, TO_TIMESTAMP('2016-08-19 12:08:13', 'YYYY-MM-DD HH24:MI:SS'), 15.5, 42.9, 58.7, 48.8, 293.2, 379.5);
INSERT INTO customer_position_data(security_identifier,portfolio_number,report_date,earned_inflationary_comp_base,accrued_income,market_value,share_par_amount,earned_amortization_base,position_val_inf_adj_shares) VALUES ('security_identifier_1', 530852.6, TO_TIMESTAMP('2016-08-19 12:08:13', 'YYYY-MM-DD HH24:MI:SS'), 267.1, 687.1, 696.3, 27.1, 97.6, 619.2);
INSERT INTO customer_position_data(security_identifier,portfolio_number,report_date,earned_inflationary_comp_base,accrued_income,market_value,share_par_amount,earned_amortization_base,position_val_inf_adj_shares) VALUES ('security_identifier_1', 260348.4, TO_TIMESTAMP('2016-08-19 12:08:13', 'YYYY-MM-DD HH24:MI:SS'), 571.0, 837.0, 188.8, 223.1, 385.4, 136.8);
INSERT INTO customer_position_data(security_identifier,portfolio_number,report_date,earned_inflationary_comp_base,accrued_income,market_value,share_par_amount,earned_amortization_base,position_val_inf_adj_shares) VALUES ('security_identifier_1', 607159.3, TO_TIMESTAMP('2016-08-19 12:08:13', 'YYYY-MM-DD HH24:MI:SS'), 614.9, 78.8, 322.5, 63.6, 10.5, 135.4);
INSERT INTO customer_position_data(security_identifier,portfolio_number,report_date,earned_inflationary_comp_base,accrued_income,market_value,share_par_amount,earned_amortization_base,position_val_inf_adj_shares) VALUES ('security_identifier_1', 120863.2, TO_TIMESTAMP('2016-08-19 12:08:13', 'YYYY-MM-DD HH24:MI:SS'), 643.7, 470.5, 174.5, 303.0, 22.1, 371.3);
INSERT INTO customer_security_sec_data(security_identifier,report_date,iv_type,security_name,final_maturity_date,security_redemption_price,interest_rt,def_indicator,der_step_indicator,der_hybrid_indicator,security_price,fx_rate,der_tips_inflationary_ratio,io_hybrid_field,as_400_rate_type,prospective_method) VALUES ('security_identifier_2', TO_TIMESTAMP('2016-08-19 11:08:13', 'YYYY-MM-DD HH24:MI:SS'), 'DVRN', 'security_name2', TO_TIMESTAMP('2016-08-19 13:08:13', 'YYYY-MM-DD HH24:MI:SS'), 712.5, 131.7, 0, 0, 0, 91.9, 64.9, 2.6, 'io_hybrid_field_2', 'as_400_rate_type_2', 'prospective_method_2');
INSERT INTO customer_position_data(security_identifier,portfolio_number,report_date,earned_inflationary_comp_base,accrued_income,market_value,share_par_amount,earned_amortization_base,position_val_inf_adj_shares) VALUES ('security_identifier_2', 24861.4, TO_TIMESTAMP('2016-08-19 11:08:13', 'YYYY-MM-DD HH24:MI:SS'), 27.2, 581.4, 200.0, 356.4, 333.5, 18.8);
INSERT INTO customer_position_data(security_identifier,portfolio_number,report_date,earned_inflationary_comp_base,accrued_income,market_value,share_par_amount,earned_amortization_base,position_val_inf_adj_shares) VALUES ('security_identifier_2', 123716.4, TO_TIMESTAMP('2016-08-19 11:08:13', 'YYYY-MM-DD HH24:MI:SS'), 16.7, 398.9, 510.3, 608.4, 73.0, 307.0);
INSERT INTO customer_position_data(security_identifier,portfolio_number,report_date,earned_inflationary_comp_base,accrued_income,market_value,share_par_amount,earned_amortization_base,position_val_inf_adj_shares) VALUES ('security_identifier_2', 35829.5, TO_TIMESTAMP('2016-08-19 11:08:13', 'YYYY-MM-DD HH24:MI:SS'), 638.6, 566.5, 147.0, 74.7, 40.7, 117.0);
INSERT INTO customer_position_data(security_identifier,portfolio_number,report_date,earned_inflationary_comp_base,accrued_income,market_value,share_par_amount,earned_amortization_base,position_val_inf_adj_shares) VALUES ('security_identifier_2', 220840.0, TO_TIMESTAMP('2016-08-19 11:08:13', 'YYYY-MM-DD HH24:MI:SS'), 115.8, 416.6, 69.5, 26.8, 513.0, 510.2);
INSERT INTO customer_position_data(security_identifier,portfolio_number,report_date,earned_inflationary_comp_base,accrued_income,market_value,share_par_amount,earned_amortization_base,position_val_inf_adj_shares) VALUES ('security_identifier_2', 300516.4, TO_TIMESTAMP('2016-08-19 11:08:13', 'YYYY-MM-DD HH24:MI:SS'), 155.6, 12.3, 158.6, 591.1, 56.3, 372.3);
INSERT INTO customer_position_data(security_identifier,portfolio_number,report_date,earned_inflationary_comp_base,accrued_income,market_value,share_par_amount,earned_amortization_base,position_val_inf_adj_shares) VALUES ('security_identifier_2', 461283.5, TO_TIMESTAMP('2016-08-19 11:08:13', 'YYYY-MM-DD HH24:MI:SS'), 38.9, 32.1, 71.6, 269.7, 0.4, 531.9);
INSERT INTO customer_position_data(security_identifier,portfolio_number,report_date,earned_inflationary_comp_base,accrued_income,market_value,share_par_amount,earned_amortization_base,position_val_inf_adj_shares) VALUES ('security_identifier_2', 68050.9, TO_TIMESTAMP('2016-08-19 11:08:13', 'YYYY-MM-DD HH24:MI:SS'), 0.8, 612.4, 109.2, 126.3, 486.9, 1.2);
INSERT INTO customer_position_data(security_identifier,portfolio_number,report_date,earned_inflationary_comp_base,accrued_income,market_value,share_par_amount,earned_amortization_base,position_val_inf_adj_shares) VALUES ('security_identifier_2', 700195.8, TO_TIMESTAMP('2016-08-19 11:08:13', 'YYYY-MM-DD HH24:MI:SS'), 134.8, 204.8, 8.2, 381.3, 759.2, 122.2);
INSERT INTO customer_position_data(security_identifier,portfolio_number,report_date,earned_inflationary_comp_base,accrued_income,market_value,share_par_amount,earned_amortization_base,position_val_inf_adj_shares) VALUES ('security_identifier_2', 73830.3, TO_TIMESTAMP('2016-08-19 11:08:13', 'YYYY-MM-DD HH24:MI:SS'), 100.4, 38.1, 46.0, 125.6, 46.8, 558.6);
INSERT INTO customer_position_data(security_identifier,portfolio_number,report_date,earned_inflationary_comp_base,accrued_income,market_value,share_par_amount,earned_amortization_base,position_val_inf_adj_shares) VALUES ('security_identifier_2', 3219.2, TO_TIMESTAMP('2016-08-19 11:08:13', 'YYYY-MM-DD HH24:MI:SS'), 199.0, 335.5, 562.8, 98.9, 349.7, 695.5);
INSERT INTO customer_security_sec_data(security_identifier,report_date,iv_type,security_name,final_maturity_date,security_redemption_price,interest_rt,def_indicator,der_step_indicator,der_hybrid_indicator,security_price,fx_rate,der_tips_inflationary_ratio,io_hybrid_field,as_400_rate_type,prospective_method) VALUES ('security_identifier_3', TO_TIMESTAMP('2016-08-20 10:08:13', 'YYYY-MM-DD HH24:MI:SS'), 'VRDN', 'security_name3', TO_TIMESTAMP('2016-08-20 13:08:13', 'YYYY-MM-DD HH24:MI:SS'), 745.1, 311.3, 1, 0, 0, 30.7, 173.7, 15.3, 'io_hybrid_field_3', 'as_400_rate_type_3', 'prospective_method_3');
INSERT INTO customer_position_data(security_identifier,portfolio_number,report_date,earned_inflationary_comp_base,accrued_income,market_value,share_par_amount,earned_amortization_base,position_val_inf_adj_shares) VALUES ('security_identifier_3', 188653.0, TO_TIMESTAMP('2016-08-20 10:08:13', 'YYYY-MM-DD HH24:MI:SS'), 41.0, 813.6, 13.3, 307.6, 48.5, 553.9);
INSERT INTO customer_position_data(security_identifier,portfolio_number,report_date,earned_inflationary_comp_base,accrued_income,market_value,share_par_amount,earned_amortization_base,position_val_inf_adj_shares) VALUES ('security_identifier_3', 106209.8, TO_TIMESTAMP('2016-08-20 10:08:13', 'YYYY-MM-DD HH24:MI:SS'), 312.4, 73.2, 263.5, 65.5, 542.2, 60.4);
INSERT INTO customer_position_data(security_identifier,portfolio_number,report_date,earned_inflationary_comp_base,accrued_income,market_value,share_par_amount,earned_amortization_base,position_val_inf_adj_shares) VALUES ('security_identifier_3', 245271.5, TO_TIMESTAMP('2016-08-20 10:08:13', 'YYYY-MM-DD HH24:MI:SS'), 200.1, 545.2, 423.9, 709.2, 177.7, 329.7);
INSERT INTO customer_position_data(security_identifier,portfolio_number,report_date,earned_inflationary_comp_base,accrued_income,market_value,share_par_amount,earned_amortization_base,position_val_inf_adj_shares) VALUES ('security_identifier_3', 399534.3, TO_TIMESTAMP('2016-08-20 10:08:13', 'YYYY-MM-DD HH24:MI:SS'), 554.8, 410.0, 224.9, 141.1, 86.7, 393.6);
INSERT INTO customer_position_data(security_identifier,portfolio_number,report_date,earned_inflationary_comp_base,accrued_income,market_value,share_par_amount,earned_amortization_base,position_val_inf_adj_shares) VALUES ('security_identifier_3', 196845.2, TO_TIMESTAMP('2016-08-20 10:08:13', 'YYYY-MM-DD HH24:MI:SS'), 44.7, 251.8, 185.9, 4.6, 295.8, 88.0);
INSERT INTO customer_position_data(security_identifier,portfolio_number,report_date,earned_inflationary_comp_base,accrued_income,market_value,share_par_amount,earned_amortization_base,position_val_inf_adj_shares) VALUES ('security_identifier_3', 279412.9, TO_TIMESTAMP('2016-08-20 10:08:13', 'YYYY-MM-DD HH24:MI:SS'), 93.4, 216.8, 341.3, 21.1, 1.8, 398.8);
INSERT INTO customer_position_data(security_identifier,portfolio_number,report_date,earned_inflationary_comp_base,accrued_income,market_value,share_par_amount,earned_amortization_base,position_val_inf_adj_shares) VALUES ('security_identifier_3', 479000.7, TO_TIMESTAMP('2016-08-20 10:08:13', 'YYYY-MM-DD HH24:MI:SS'), 86.6, 205.5, 78.3, 135.1, 214.7, 182.5);
INSERT INTO customer_position_data(security_identifier,portfolio_number,report_date,earned_inflationary_comp_base,accrued_income,market_value,share_par_amount,earned_amortization_base,position_val_inf_adj_shares) VALUES ('security_identifier_3', 147416.7, TO_TIMESTAMP('2016-08-20 10:08:13', 'YYYY-MM-DD HH24:MI:SS'), 209.5, 29.8, 71.0, 54.9, 580.2, 129.0);
INSERT INTO customer_position_data(security_identifier,portfolio_number,report_date,earned_inflationary_comp_base,accrued_income,market_value,share_par_amount,earned_amortization_base,position_val_inf_adj_shares) VALUES ('security_identifier_3', 3456.7, TO_TIMESTAMP('2016-08-20 10:08:13', 'YYYY-MM-DD HH24:MI:SS'), 119.6, 399.2, 427.8, 266.4, 106.0, 315.7);
INSERT INTO customer_position_data(security_identifier,portfolio_number,report_date,earned_inflationary_comp_base,accrued_income,market_value,share_par_amount,earned_amortization_base,position_val_inf_adj_shares) VALUES ('security_identifier_3', 788969.4, TO_TIMESTAMP('2016-08-20 10:08:13', 'YYYY-MM-DD HH24:MI:SS'), 345.4, 563.3, 426.3, 583.0, 24.9, 63.3);


INSERT INTO calculated_security_sec_data(security_identifier,report_date,iv_type,security_name,final_maturity_date,security_redemption_price,interest_rt,def_indicator,der_step_indicator,der_hybrid_indicator,security_price,fx_rate,der_tips_inflationary_ratio,io_hybrid_field,as_400_rate_type,prospective_method,der_yield_calc_engine,der_income_calc_engine,der_one_day_security_yield,der_redemption_date,der_redemption_price,der_clean_price,der_security_type ) VALUES ('security_identifier_10', TO_TIMESTAMP('2016-08-20 15:08:48', 'YYYY-MM-DD HH24:MI:SS'), 'VPS', 'security_name10', TO_TIMESTAMP('2016-08-21 01:08:48', 'YYYY-MM-DD HH24:MI:SS'), 378.7, 774.2, 0, 0, 1, 622.3, 256.6, 237.2, 'io_hybrid_field_10', 'as_400_rate_type_10', 'prospective_method_10', 'der_yield_calc_engine_10', 'der_income_calc_engine_10', 41.8, TO_TIMESTAMP('2016-08-21 01:08:48', 'YYYY-MM-DD HH24:MI:SS'), 263.6, 207.5, 'der_security_type_10');
INSERT INTO calculated_position_data(security_identifier,portfolio_number,report_date,earned_inflationary_comp_base,accrued_income,market_value,share_par_amount,earned_amortization_base,position_val_inf_adj_shares,der_one_day_security_income) VALUES ('security_identifier_10', 5.2, TO_TIMESTAMP('2016-08-20 15:08:48', 'YYYY-MM-DD HH24:MI:SS'), 97.7, 211.2, 134.9, 190.8, 391.7, 9.6, 115.0);
INSERT INTO calculated_position_data(security_identifier,portfolio_number,report_date,earned_inflationary_comp_base,accrued_income,market_value,share_par_amount,earned_amortization_base,position_val_inf_adj_shares,der_one_day_security_income) VALUES ('security_identifier_10', 97.2, TO_TIMESTAMP('2016-08-20 15:08:48', 'YYYY-MM-DD HH24:MI:SS'), 102.3, 126.1, 33.4, 673.0, 29.0, 281.0, 691.1);
INSERT INTO calculated_position_data(security_identifier,portfolio_number,report_date,earned_inflationary_comp_base,accrued_income,market_value,share_par_amount,earned_amortization_base,position_val_inf_adj_shares,der_one_day_security_income) VALUES ('security_identifier_10', 128.3, TO_TIMESTAMP('2016-08-20 15:08:48', 'YYYY-MM-DD HH24:MI:SS'), 56.4, 155.4, 5.8, 153.2, 486.6, 80.4, 4.8);
INSERT INTO calculated_position_data(security_identifier,portfolio_number,report_date,earned_inflationary_comp_base,accrued_income,market_value,share_par_amount,earned_amortization_base,position_val_inf_adj_shares,der_one_day_security_income) VALUES ('security_identifier_10', 72.3, TO_TIMESTAMP('2016-08-20 15:08:48', 'YYYY-MM-DD HH24:MI:SS'), 113.7, 123.6, 1.2, 42.4, 303.1, 452.0, 13.8);
INSERT INTO calculated_position_data(security_identifier,portfolio_number,report_date,earned_inflationary_comp_base,accrued_income,market_value,share_par_amount,earned_amortization_base,position_val_inf_adj_shares,der_one_day_security_income) VALUES ('security_identifier_10', 97.6, TO_TIMESTAMP('2016-08-20 15:08:48', 'YYYY-MM-DD HH24:MI:SS'), 385.4, 156.1, 112.3, 241.5, 34.2, 554.8, 68.4);
INSERT INTO calculated_position_data(security_identifier,portfolio_number,report_date,earned_inflationary_comp_base,accrued_income,market_value,share_par_amount,earned_amortization_base,position_val_inf_adj_shares,der_one_day_security_income) VALUES ('security_identifier_10', 151.3, TO_TIMESTAMP('2016-08-20 15:08:48', 'YYYY-MM-DD HH24:MI:SS'), 66.5, 142.7, 373.1, 448.6, 140.1, 814.2, 8.3);
INSERT INTO calculated_position_data(security_identifier,portfolio_number,report_date,earned_inflationary_comp_base,accrued_income,market_value,share_par_amount,earned_amortization_base,position_val_inf_adj_shares,der_one_day_security_income) VALUES ('security_identifier_10', 499.7, TO_TIMESTAMP('2016-08-20 15:08:48', 'YYYY-MM-DD HH24:MI:SS'), 150.4, 244.4, 0.6, 154.3, 212.6, 797.8, 4.9);
INSERT INTO calculated_position_data(security_identifier,portfolio_number,report_date,earned_inflationary_comp_base,accrued_income,market_value,share_par_amount,earned_amortization_base,position_val_inf_adj_shares,der_one_day_security_income) VALUES ('security_identifier_10', 536.6, TO_TIMESTAMP('2016-08-20 15:08:48', 'YYYY-MM-DD HH24:MI:SS'), 351.5, 98.3, 617.2, 202.1, 229.9, 129.6, 333.3);
INSERT INTO calculated_position_data(security_identifier,portfolio_number,report_date,earned_inflationary_comp_base,accrued_income,market_value,share_par_amount,earned_amortization_base,position_val_inf_adj_shares,der_one_day_security_income) VALUES ('security_identifier_10', 104.7, TO_TIMESTAMP('2016-08-20 15:08:48', 'YYYY-MM-DD HH24:MI:SS'), 445.0, 607.9, 87.9, 38.4, 223.4, 434.9, 289.3);
INSERT INTO calculated_position_data(security_identifier,portfolio_number,report_date,earned_inflationary_comp_base,accrued_income,market_value,share_par_amount,earned_amortization_base,position_val_inf_adj_shares,der_one_day_security_income) VALUES ('security_identifier_10', 4.2, TO_TIMESTAMP('2016-08-20 15:08:48', 'YYYY-MM-DD HH24:MI:SS'), 163.5, 547.9, 396.0, 174.1, 278.9, 172.2, 0.1);
INSERT INTO calculated_security_sec_data(security_identifier,report_date,iv_type,security_name,final_maturity_date,security_redemption_price,interest_rt,def_indicator,der_step_indicator,der_hybrid_indicator,security_price,fx_rate,der_tips_inflationary_ratio,io_hybrid_field,as_400_rate_type,prospective_method,der_yield_calc_engine,der_income_calc_engine,der_one_day_security_yield,der_redemption_date,der_redemption_price,der_clean_price,der_security_type ) VALUES ('security_identifier_11', TO_TIMESTAMP('2016-08-20 14:08:48', 'YYYY-MM-DD HH24:MI:SS'), 'VPS', 'security_name11', TO_TIMESTAMP('2016-08-21 01:08:48', 'YYYY-MM-DD HH24:MI:SS'), 78.7, 694.5, 1, 1, 0, 55.2, 425.1, 58.3, 'io_hybrid_field_11', 'as_400_rate_type_11', 'prospective_method_11', 'der_yield_calc_engine_11', 'der_income_calc_engine_11', 441.4, TO_TIMESTAMP('2016-08-21 01:08:48', 'YYYY-MM-DD HH24:MI:SS'), 404.2, 98.3, 'der_security_type_11');
INSERT INTO calculated_position_data(security_identifier,portfolio_number,report_date,earned_inflationary_comp_base,accrued_income,market_value,share_par_amount,earned_amortization_base,position_val_inf_adj_shares,der_one_day_security_income) VALUES ('security_identifier_11', 187.2, TO_TIMESTAMP('2016-08-20 14:08:48', 'YYYY-MM-DD HH24:MI:SS'), 73.2, 25.4, 472.0, 125.3, 453.0, 20.6, 48.8);
INSERT INTO calculated_position_data(security_identifier,portfolio_number,report_date,earned_inflationary_comp_base,accrued_income,market_value,share_par_amount,earned_amortization_base,position_val_inf_adj_shares,der_one_day_security_income) VALUES ('security_identifier_11', 68.8, TO_TIMESTAMP('2016-08-20 14:08:48', 'YYYY-MM-DD HH24:MI:SS'), 326.1, 592.6, 354.8, 96.1, 631.4, 495.6, 215.2);
INSERT INTO calculated_position_data(security_identifier,portfolio_number,report_date,earned_inflationary_comp_base,accrued_income,market_value,share_par_amount,earned_amortization_base,position_val_inf_adj_shares,der_one_day_security_income) VALUES ('security_identifier_11', 80.3, TO_TIMESTAMP('2016-08-20 14:08:48', 'YYYY-MM-DD HH24:MI:SS'), 811.6, 229.9, 55.4, 59.6, 260.7, 590.3, 210.7);
INSERT INTO calculated_position_data(security_identifier,portfolio_number,report_date,earned_inflationary_comp_base,accrued_income,market_value,share_par_amount,earned_amortization_base,position_val_inf_adj_shares,der_one_day_security_income) VALUES ('security_identifier_11', 120.8, TO_TIMESTAMP('2016-08-20 14:08:48', 'YYYY-MM-DD HH24:MI:SS'), 274.4, 410.4, 7.1, 29.2, 245.1, 227.9, 131.8);
INSERT INTO calculated_position_data(security_identifier,portfolio_number,report_date,earned_inflationary_comp_base,accrued_income,market_value,share_par_amount,earned_amortization_base,position_val_inf_adj_shares,der_one_day_security_income) VALUES ('security_identifier_11', 235.0, TO_TIMESTAMP('2016-08-20 14:08:48', 'YYYY-MM-DD HH24:MI:SS'), 616.3, 97.0, 186.6, 7.7, 140.6, 25.5, 162.4);
INSERT INTO calculated_position_data(security_identifier,portfolio_number,report_date,earned_inflationary_comp_base,accrued_income,market_value,share_par_amount,earned_amortization_base,position_val_inf_adj_shares,der_one_day_security_income) VALUES ('security_identifier_11', 367.2, TO_TIMESTAMP('2016-08-20 14:08:48', 'YYYY-MM-DD HH24:MI:SS'), 19.1, 618.8, 799.4, 65.1, 55.1, 346.0, 52.3);
COMMIT;