ivType,securityIdentifier,securityName,finalMaturityDate,securityRedemptionPrice,interestRt,ioHybridField,as400RateType,prospectiveMethod,defIndicator,securityPrice,fxRate,portfolioNumber,portfolioName,reportDate, earnedInflationaryCompensationBase , accruedIncome , marketValue , shareParAmount , earnedAmortizationBase , positionValInflationAdjShares ,derRedemptionDate,derRedemptionPrice,derCleanPrice,derSecurityType,derTIPSInflationaryRatio,derStepIndicator,derHybridIndicator,deryieldCalcEngine, derincomeCalcEngine ,derOneDaySecurityYield,derOneDaySecurityIncome
VPS,912810RF7,USTN TII 1.375% 02/15/44,2044-02-15,100,1.375,,F,,N,113.2000297,1,1,FUND 1,2014-12-01,-4956.5600,257693.7200,70135342.4000,61957000.0000,-648.4700,63273586.2500,2044-02-15,100,110.8445823,TIPS,1.02125,F,F,YTM,TIPS INCOME ENGINE,0.0095,-3101.0000
VPS,912810RF7,USTN TII 1.375% 02/15/44,2044-02-15,100,1.375,,F,,N,113.2000297,1,3,FUND 3,2014-12-01,-2775.0400,144275.5400,39266826.3000,34688000.0000,-373.7100,35425120.0000,2044-02-15,100,110.8445823,TIPS,1.02125,F,F,YTM,TIPS INCOME ENGINE,0.0095,-1736.1600
VPS,912810RF7,USTN TII 1.375% 02/15/44,2044-02-15,100,1.375,,F,,N,113.2000297,1,4,FUND 4,2014-12-01,-148.0000,7694.5800,2094200.5500,1850000.0000,-14.9800,1889312.5000,2044-02-15,100,110.8445823,TIPS,1.02125,F,F,YTM,TIPS INCOME ENGINE,0.0095,-92.5900
VPS,912828WU0,USTN TII 0.125% 07/15/24,2024-07-15,100,0.125,,F,,N,97.5832657,1,4,FUND 4,2014-12-01,-186.4800,1111.1300,2274665.9200,2331000.0000,22.4900,2336547.7800,2024-07-15,100,97.35156897,TIPS,1.00238,F,F,YTM,TIPS INCOME ENGINE,0.0041,-160.8200
VPS,912810RF7,USTN TII 1.375% 02/15/44,2044-02-15,100,1.375,,F,,N,113.2000297,1,5,FUND 5,2014-12-01,-6349.6000,330118.4700,89846863.5700,79370000.0000,-824.5100,81056612.5000,2044-02-15,100,110.8445823,TIPS,1.02125,F,F,YTM,TIPS INCOME ENGINE,0.0095,-3972.5300
VPS,BBFKMW7,ITALY GOVT I/L 2.25% 4/17,2017-04-22,100,2.25,,F,,N,103.3477851,0.80182817,6,FUND 6,2014-12-01, -   ,13938.8700,5684128.1800,5500000.0000, -   ,5500000.0000,2017-04-22,100,103.3477851,TIPS,1,F,F,YTM,TIPS INCOME ENGINE,0.0083,164.4600
VPS,BMP36Z4,SPAIN GOVERNMEN I/L 1.8 1,2024-11-30,100,1.8,,F,,N,110.1470269,0.80182817,6,FUND 6,2014-12-01, -   ,295.8900,3304410.8100,3000000.0000, -   ,3000000.0000,2024-11-30,100,110.1470269,TIPS,1,F,F,YTM,TIPS INCOME ENGINE,0.0074,85.2800
VPS,BBDR7T2,UK GILT I/L 0.125 11/22/1,2019-11-22,100,0.125,,F,,N,110.5044636,0.6353442,7,FUND 7,2014-12-01, -   ,353.9400,11326707.5200,10250000.0000, -   ,10250000.0000,2019-11-22,100,110.5044636,TIPS,1,F,F,YTM,TIPS INCOME ENGINE,-0.0188,-930.7100
VPS,B85SFQ5,UK GILT I/L 3MO 0.125 3/2,2024-03-22,100,0.125,,F,,N,116.3048535,0.6353442,7,FUND 7,2014-12-01, -   ,4265.8800,20237044.5100,17400000.0000, -   ,17400000.0000,2024-03-22,100,116.3048535,TIPS,1,F,F,YTM,TIPS INCOME ENGINE,-0.0150,-1327.9600
VPS,912810RF7,USTN TII 1.375% 02/15/44,2044-02-15,100,1.375,,F,,N,113.2000297,1,7,FUND 7,2014-12-01,-1737.3600,90326.1000,24583650.4500,21717000.0000,-232.9600,22178486.2500,2044-02-15,100,110.8445823,TIPS,1.02125,F,F,YTM,TIPS INCOME ENGINE,0.0095,-1086.9500
VPS,BBDR7T2,UK GILT I/L 0.125 11/22/1,2019-11-22,100,0.125,,F,,N,110.5044636,0.6353442,9,FUND 9,2014-12-01, -   ,500.6900,16023147.2200,14500000.0000, -   ,14500000.0000,2019-11-22,100,110.5044636,TIPS,1,F,F,YTM,TIPS INCOME ENGINE,-0.0188,-1316.6100
VPS,B85SFQ5,UK GILT I/L 3MO 0.125 3/2,2024-03-22,100,0.125,,F,,N,116.3048535,0.6353442,9,FUND 9,2014-12-01, -   ,4780.7300,22679446.4300,19500000.0000, -   ,19500000.0000,2024-03-22,100,116.3048535,TIPS,1,F,F,YTM,TIPS INCOME ENGINE,-0.0150,-1488.2300
VPS,912810RF7,USTN TII 1.375% 02/15/44,2044-02-15,100,1.375,,F,,N,113.2000297,1,9,FUND 9,2014-12-01,-1940.6400,100894.7200,27460063.2000,24258000.0000,-259.3400,24773482.5000,2044-02-15,100,110.8445823,TIPS,1.02125,F,F,YTM,TIPS INCOME ENGINE,0.0095,-1214.1300
VPS,912810FD5,USTN TII 3.625 4/15/28,2028-04-15,100,3.625,,F,,N,203.5416439,1,10,FUND 10,2014-12-01,-7074.0000,414679.5300,119987799.0800,58950000.0000,-1129.8900,86749051.5000,2028-04-15,100,138.3159781,TIPS,1.47157,F,F,YTM,TIPS INCOME ENGINE,0.0063,-4959.4100
VPS,912810FH6,USTN TII 3.875% 4/15/29,2029-04-15,100,3.875,,F,,N,208.2544591,1,10,FUND 10,2014-12-01,-3504.0000,216027.4700,60810302.0600,29200000.0000,-1343.2300,42276344.0000,2029-04-15,100,143.8400209,TIPS,1.44782,F,F,YTM,TIPS INCOME ENGINE,0.0067,-2367.8200
VPS,912810FQ6,USTN TII 3.375% 4/15/32,2032-04-15,100,3.375,,F,,N,190.6343073,1,10,FUND 10,2014-12-01,-0.1100,5.9700,1906.3400,1000.0000,-0.0300,1340.9100,2032-04-15,100,142.1678616,TIPS,1.34091,F,F,YTM,TIPS INCOME ENGINE,0.0078,-0.0700
VPS,912810FR4,USTN TII 2.375% 1/15/25,2025-01-15,100,2.375,,F,,N,149.7984637,1,10,FUND 10,2014-12-01,-7527.3000,780699.0900,102507088.7100,68430000.0000,4.0300,86405192.4000,2025-01-15,100,118.6353341,TIPS,1.26268,F,F,YTM,TIPS INCOME ENGINE,0.0049,-6132.7800
VPS,912810FS2,USTN TII 2% 1/15/26,2026-01-15,100,2,,F,,N,138.6772607,1,10,FUND 10,2014-12-01,-6150.0000,561142.7100,85286515.3300,61500000.0000,374.4700,73750185.0000,2026-01-15,100,115.6424426,TIPS,1.19919,F,F,YTM,TIPS INCOME ENGINE,0.0055,-4842.4500
VPS,912810PS1,USTN TII 2.375% 1/15/27,2027-01-15,100,2.375,,F,,N,142.3311553,1,10,FUND 10,2014-12-01,-5661.0000,670756.3700,89526296.6800,62900000.0000,-638.7000,74237096.0000,2027-01-15,100,120.5950953,TIPS,1.18024,F,F,YTM,TIPS INCOME ENGINE,0.0061,-4133.0200
VPS,912810PV4,USTN TII 1.75% 1/15/28,2028-01-15,100,1.75,,F,,N,129.2793372,1,10,FUND 10,2014-12-01,-782.2000,59163.8500,10112229.7600,7822000.0000,-13.0300,8886652.4200,2028-01-15,100,113.7912149,TIPS,1.13611,F,F,YTM,TIPS INCOME ENGINE,0.0065,-598.0700
VPS,912810QF8,USTN TII 2.125% 2/15/40,2040-02-15,100,2.125,,F,,N,140.60251,1,10,FUND 10,2014-12-01,-1212.3000,93361.4200,18939158.1000,13470000.0000,-2.2800,14833029.3000,2040-02-15,100,127.6823346,TIPS,1.10119,F,F,YTM,TIPS INCOME ENGINE,0.0090,-738.7900
VPS,912810QP6,USTN TII 2.125% 2/15/41,2041-02-15,100,2.125,,F,,N,139.6633118,1,10,FUND 10,2014-12-01,-3326.4000,284443.3000,58072005.0500,41580000.0000,-266.3900,45191638.8000,2041-02-15,100,128.5016578,TIPS,1.08686,F,F,YTM,TIPS INCOME ENGINE,0.0090,-1865.2100
VPS,912810QV3,USTN TII 0.75% 2/15/42,2042-02-15,100,0.75,,F,,N,100.3464716,1,10,FUND 10,2014-12-01,-4005.0000,104127.2500,44654179.8600,44500000.0000,-237.4600,46873185.0000,2042-02-15,100,95.26593907,TIPS,1.05333,F,F,YTM,TIPS INCOME ENGINE,0.0095,-2826.6000
VPS,912810RA8,USTN TII 0.625 02/15/2043,2043-02-15,100,0.625,,F,,N,95.233289,1,10,FUND 10,2014-12-01,-1903.5000,40532.7400,20141840.6200,21150000.0000,277.8100,21895114.5000,2043-02-15,100,91.99239686,TIPS,1.03523,F,F,YTM,TIPS INCOME ENGINE,0.0095,-1371.3200
VPS,912810RF7,USTN TII 1.375% 02/15/44,2044-02-15,100,1.375,,F,,N,113.2000297,1,10,FUND 10,2014-12-01,-2480.0000,128936.2800,35092009.2100,31000000.0000,-172.8300,31658750.0000,2044-02-15,100,110.8445823,TIPS,1.02125,F,F,YTM,TIPS INCOME ENGINE,0.0095,-1551.5700
VPS,912828B25,USTN TII .625% 01/15/24,2024-01-15,100,0.625,,F,,N,103.7514004,1,10,FUND 10,2014-12-01,-1688.0000,51176.2400,21891545.4800,21100000.0000,-153.3900,21523266.0000,2024-01-15,100,101.7110762,TIPS,1.02006,F,F,YTM,TIPS INCOME ENGINE,0.0043,-1423.7800
VPS,912828C99,USTN TII .125% 04/15/19,2019-04-15,100,0.125,,F,,N,102.2109764,1,10,FUND 10,2014-12-01,-2240.0000,4688.1200,28619073.3900,28000000.0000,-331.4600,28441280.0000,2019-04-15,100,100.6251244,TIPS,1.01576,F,F,YTM,TIPS INCOME ENGINE,-0.0002,-2254.2400
VPS,912828EA4,USTN TII 1.875% 7/15/15,2015-07-15,100,1.875,,F,,N,123.8568388,1,10,FUND 10,2014-12-01,-345.0000,30113.2600,4273060.9400,3450000.0000,-258.9500,4221592.5000,2015-07-15,100,101.2191712,TIPS,1.22365,F,F,YTM,TIPS INCOME ENGINE,-0.0008,-354.9700
VPS,912828ET3,USTN TII 2% 1/15/16,2016-01-15,100,2,,F,,N,123.0490728,1,10,FUND 10,2014-12-01,-2510.0000,229019.2200,30885317.2700,25100000.0000,-2670.8700,30099669.0000,2016-01-15,100,102.6101559,TIPS,1.19919,F,F,YTM,TIPS INCOME ENGINE,-0.0032,-2786.3300
VPS,912828FL9,USTN TII 2.5% 7/15/16,2016-07-15,100,2.5,,F,,N,124.2186306,1,10,FUND 10,2014-12-01,-5427.0000,675910.5700,74903834.2500,60300000.0000,-5728.8500,71067168.0000,2016-07-15,100,105.398648,TIPS,1.17856,F,F,YTM,TIPS INCOME ENGINE,-0.0080,-7105.4200
VPS,912828GD6,USTN TII 2.375% 1/15/17,2017-01-15,100,2.375,,F,,N,125.4284756,1,10,FUND 10,2014-12-01,-5139.0000,608906.0200,71619659.5700,57100000.0000,38.6400,67391704.0000,2017-01-15,100,106.2737033,TIPS,1.18024,F,F,YTM,TIPS INCOME ENGINE,-0.0056,-6261.3600
VPS,912828GX2,USTN TII 2.625% 7/15/17,2017-07-15,100,2.625,,F,,N,124.7098202,1,10,FUND 10,2014-12-01,-4880.1000,559664.3600,60859639.3600,48801000.0000,-1908.7200,56042580.3900,2017-07-15,100,108.5953554,TIPS,1.14839,F,F,YTM,TIPS INCOME ENGINE,-0.0062,-5939.6500
VPS,912828HN3,USTN TII 1.625% 1/15/18,2018-01-15,100,1.625,,F,,N,120.6335744,1,10,FUND 10,2014-12-01,-3828.7000,268908.9800,46186976.6300,38287000.0000,-448.8500,43498243.5700,2018-01-15,100,106.1812451,TIPS,1.13611,F,F,YTM,TIPS INCOME ENGINE,-0.0034,-4270.6200
VPS,912828JE1,USTN TII 1.375% 7/15/18,2018-07-15,100,1.375,,F,,N,117.35199,1,10,FUND 10,2014-12-01,-1383.4800,88753.2000,18039347.9000,15372000.0000,101.5600,16966845.0000,2018-07-15,100,106.3211687,TIPS,1.10375,F,F,YTM,TIPS INCOME ENGINE,-0.0036,-1563.3800
VPS,912828JX9,USTN TII 2.125% 1/15/19,2019-01-15,100,2.125,,F,,N,121.2780765,1,10,FUND 10,2014-12-01,-2307.6000,229786.3400,31095698.8100,25640000.0000,-269.9800,28423991.2000,2019-01-15,100,109.3994809,TIPS,1.10858,F,F,YTM,TIPS INCOME ENGINE,-0.0015,-2435.8800
VPS,912828LA6,USTN TII 1.875% 7/15/19,2019-07-15,100,1.875,,F,,N,121.8702704,1,10,FUND 10,2014-12-01,-3015.0000,266371.7700,40826540.5800,33500000.0000,-339.3500,37342785.0000,2019-07-15,100,109.3291263,TIPS,1.11471,F,F,YTM,TIPS INCOME ENGINE,-0.0014,-3170.5500
VPS,912828MF4,USTN TII 1.375% 1/15/20,2020-01-15,100,1.375,,F,,N,117.6244159,1,10,FUND 10,2014-12-01,-3285.0000,210147.8800,42932911.8000,36500000.0000,-422.1200,40173725.0000,2020-01-15,100,106.8681378,TIPS,1.10065,F,F,YTM,TIPS INCOME ENGINE,0.0003,-3245.5600
VPS,912828NM8,USTN TII 1.25% 7/15/20,2020-07-15,100,1.25,,F,,N,116.6242473,1,10,FUND 10,2014-12-01,-6682.5000,385352.9600,86593503.6200,74250000.0000,-96.3000,81034222.5000,2020-07-15,100,106.8604115,TIPS,1.09137,F,F,YTM,TIPS INCOME ENGINE,0.0003,-6613.1700
VPS,912828PP9,USTN TII 1.125% 1/15/21,2021-01-15,100,1.125,,F,,N,115.06126,1,10,FUND 10,2014-12-01,-8550.0000,442385.8300,109308197.0000,95000000.0000,-331.1400,103363800.0000,2021-01-15,100,105.7509467,TIPS,1.08804,F,F,YTM,TIPS INCOME ENGINE,0.0018,-8001.1600
VPS,912828QD5,USTN TII 0.125% 4/15/16,2016-04-15,100,0.125,,F,,N,108.5119875,1,10,FUND 10,2014-12-01,-6400.0800,12639.4500,77165044.5500,71112000.0000,-1187.7600,76679358.4800,2016-04-15,100,100.6333987,TIPS,1.07829,F,F,YTM,TIPS INCOME ENGINE,-0.0034,-7118.5400
VPS,912828QV5,USTN TII 0.625% 07/15/21,2021-07-15,100,0.625,,F,,N,108.7297984,1,10,FUND 10,2014-12-01,-9700.0800,304454.0900,131835967.8600,121251000.0000,-1215.0300,128044693.5300,2021-07-15,100,102.9608992,TIPS,1.05603,F,F,YTM,TIPS INCOME ENGINE,0.0018,-9057.4100
VPS,912828SA9,USTN TII .125% 1/15/22,2022-01-15,100,0.125,,F,,N,103.9684537,1,10,FUND 10,2014-12-01,-9324.0000,51807.9500,107711318.0300,103600000.0000,-982.1500,108944724.0000,2022-01-15,100,98.86786076,TIPS,1.05159,F,F,YTM,TIPS INCOME ENGINE,0.0029,-8468.8000
VPS,912828SQ4,USTN TII .125% 4/15/17,2017-04-15,100,0.125,,F,,N,106.0762902,1,10,FUND 10,2014-12-01,-4768.0000,10294.8500,63221468.9600,59600000.0000,-2315.3300,62455436.0000,2017-04-15,100,101.2265273,TIPS,1.04791,F,F,YTM,TIPS INCOME ENGINE,-0.0039,-5451.5100
VPS,912828TE0,USTN TII .125% 7/15/22,2022-07-15,100,0.125,,F,,N,102.4163011,1,10,FUND 10,2014-12-01,-6822.0100,41971.2900,87335500.7600,85275000.0000,-1931.1000,88259625.0000,2022-07-15,100,98.95294792,TIPS,1.035,F,F,YTM,TIPS INCOME ENGINE,0.0026,-6181.6200
VPS,912828UH1,USTN TII .125 1/15/23,2023-01-15,100,0.125,,F,,N,101.1089046,1,10,FUND 10,2014-12-01,-1560.0000,9561.9500,19716236.4000,19500000.0000,-389.4500,20107425.0000,2023-01-15,100,98.05450672,TIPS,1.03115,F,F,YTM,TIPS INCOME ENGINE,0.0037,-1358.1700
VPS,912828UX6,USTN TII .125% 04/15/18,2018-04-15,100,0.125,,F,,N,104.0500138,1,10,FUND 10,2014-12-01,-7776.0000,16496.8700,101136613.4100,97200000.0000,-1532.6700,100081008.0000,2018-04-15,100,101.054751,TIPS,1.02964,F,F,YTM,TIPS INCOME ENGINE,-0.0019,-8300.4400
VPS,912828VM9,USTN TII .375% 07/15/23,2023-07-15,100,0.375,,F,,N,102.4907367,1,10,FUND 10,2014-12-01,-5912.0000,107826.4800,75740654.4200,73900000.0000,193.6900,75581225.0000,2023-07-15,100,100.2109379,TIPS,1.02275,F,F,YTM,TIPS INCOME ENGINE,0.0035,-5174.2900
VPS,912828WU0,USTN TII 0.125% 07/15/24,2024-07-15,100,0.125,,F,,N,97.5832657,1,10,FUND 10,2014-12-01,-4879.9900,29077.1900,59525792.0800,61000000.0000,375.5000,61145180.0000,2024-07-15,100,97.35156897,TIPS,1.00238,F,F,YTM,TIPS INCOME ENGINE,0.0041,-4208.4600
VPS,912810RF7,USTN TII 1.375% 02/15/44,2044-02-15,100,1.375,,F,,N,113.2000297,1,11,FUND 11,2014-12-01,-5808.0000,301960.4500,82183221.5600,72600000.0000,-587.8900,74142750.0000,2044-02-15,100,110.8445823,TIPS,1.02125,F,F,YTM,TIPS INCOME ENGINE,0.0095,-3633.6900
VPS,912828WU0,USTN TII 0.125% 07/15/24,2024-07-15,100,0.125,,F,,N,97.5832657,1,11,FUND 11,2014-12-01,-6893.8400,41076.5400,84090427.5500,86173000.0000,831.4400,86378091.7400,2024-07-15,100,97.35156897,TIPS,1.00238,F,F,YTM,TIPS INCOME ENGINE,0.0041,-5945.1900
VPS,BBDR7T2,UK GILT I/L 0.125 11/22/1,2019-11-22,100,0.125,,F,,N,110.5044636,0.6353442,12,FUND 12,2014-12-01, -   ,84.6000,2707359.3600,2450000.0000, -   ,2450000.0000,2019-11-22,100,110.5044636,TIPS,1,F,F,YTM,TIPS INCOME ENGINE,-0.0188,-222.4600
VPS,B85SFQ5,UK GILT I/L 3MO 0.125 3/2,2024-03-22,100,0.125,,F,,N,116.3048535,0.6353442,12,FUND 12,2014-12-01, -   ,600.6600,2849468.9100,2450000.0000, -   ,2450000.0000,2024-03-22,100,116.3048535,TIPS,1,F,F,YTM,TIPS INCOME ENGINE,-0.0150,-186.9800
VPS,912810RF7,USTN TII 1.375% 02/15/44,2044-02-15,100,1.375,,F,,N,113.2000297,1,12,FUND 12,2014-12-01,-243.2800,12648.2300,3442412.9000,3041000.0000,-32.7200,3105621.2500,2044-02-15,100,110.8445823,TIPS,1.02125,F,F,YTM,TIPS INCOME ENGINE,0.0095,-152.2000
VPS,912810FD5,USTN TII 3.625 4/15/28,2028-04-15,100,3.625,,F,,N,203.5416439,1,13,FUND 13,2014-12-01,-428.6400,25126.9800,7270507.5200,3572000.0000,-157.6300,5256448.0400,2028-04-15,100,138.3159781,TIPS,1.47157,F,F,YTM,TIPS INCOME ENGINE,0.0063,-300.5100
VPS,912810FH6,USTN TII 3.875% 4/15/29,2029-04-15,100,3.875,,F,,N,208.2544591,1,13,FUND 13,2014-12-01,-498.2400,30717.3300,8646725.1400,4152000.0000,-287.4000,6011348.6400,2029-04-15,100,143.8400209,TIPS,1.44782,F,F,YTM,TIPS INCOME ENGINE,0.0067,-336.6800
VPS,912810FR4,USTN TII 2.375% 1/15/25,2025-01-15,100,2.375,,F,,N,149.7984637,1,13,FUND 13,2014-12-01,-1022.8900,106089.7400,13929759.1400,9299000.0000,-34.1300,11741661.3200,2025-01-15,100,118.6353341,TIPS,1.26268,F,F,YTM,TIPS INCOME ENGINE,0.0049,-833.3900
VPS,912810FS2,USTN TII 2% 1/15/26,2026-01-15,100,2,,F,,N,138.6772607,1,13,FUND 13,2014-12-01,-970.8000,88578.4300,13462788.4700,9708000.0000,-116.6300,11641736.5200,2026-01-15,100,115.6424426,TIPS,1.19919,F,F,YTM,TIPS INCOME ENGINE,0.0055,-764.4000
VPS,912810PS1,USTN TII 2.375% 1/15/27,2027-01-15,100,2.375,,F,,N,142.3311553,1,13,FUND 13,2014-12-01,-745.7400,88360.6900,11793559.5300,8286000.0000,3.3300,9779468.6400,2027-01-15,100,120.5950953,TIPS,1.18024,F,F,YTM,TIPS INCOME ENGINE,0.0061,-544.4600
VPS,912810PV4,USTN TII 1.75% 1/15/28,2028-01-15,100,1.75,,F,,N,129.2793372,1,13,FUND 13,2014-12-01,-587.6000,44444.7500,7596453.8500,5876000.0000,-99.1500,6675782.3600,2028-01-15,100,113.7912149,TIPS,1.13611,F,F,YTM,TIPS INCOME ENGINE,0.0065,-449.2800
VPS,912810PZ5,USTN TII 2.5% 1/15/29,2029-01-15,100,2.5,,F,,N,138.2286429,1,13,FUND 13,2014-12-01,-462.4200,54172.8100,7102187.6700,5138000.0000,-378.3100,5695884.0400,2029-01-15,100,124.689822,TIPS,1.10858,F,F,YTM,TIPS INCOME ENGINE,0.0067,-330.1600
VPS,912810QF8,USTN TII 2.125% 2/15/40,2040-02-15,100,2.125,,F,,N,140.60251,1,13,FUND 13,2014-12-01,-305.0100,23489.3700,4765019.0600,3389000.0000,-35.3400,3731932.9100,2040-02-15,100,127.6823346,TIPS,1.10119,F,F,YTM,TIPS INCOME ENGINE,0.0090,-185.8800
VPS,912810QP6,USTN TII 2.125% 2/15/41,2041-02-15,100,2.125,,F,,N,139.6633118,1,13,FUND 13,2014-12-01,-316.5600,27069.3200,5526477.2500,3957000.0000,-101.7200,4300705.0200,2041-02-15,100,128.5016578,TIPS,1.08686,F,F,YTM,TIPS INCOME ENGINE,0.0090,-177.5000
VPS,912810QV3,USTN TII 0.75% 2/15/42,2042-02-15,100,0.75,,F,,N,100.3464716,1,13,FUND 13,2014-12-01,-711.0000,18485.5100,7927371.2600,7900000.0000,-58.9600,8321307.0000,2042-02-15,100,95.26593907,TIPS,1.05333,F,F,YTM,TIPS INCOME ENGINE,0.0095,-501.8000
VPS,912810RA8,USTN TII 0.625 02/15/2043,2043-02-15,100,0.625,,F,,N,95.233289,1,13,FUND 13,2014-12-01,-414.0000,8815.6300,4380731.2900,4600000.0000,26.3800,4762058.0000,2043-02-15,100,91.99239686,TIPS,1.03523,F,F,YTM,TIPS INCOME ENGINE,0.0095,-298.2500
VPS,912810RF7,USTN TII 1.375% 02/15/44,2044-02-15,100,1.375,,F,,N,113.2000297,1,13,FUND 13,2014-12-01,-608.0000,31610.1900,8603202.2600,7600000.0000,-63.8500,7761500.0000,2044-02-15,100,110.8445823,TIPS,1.02125,F,F,YTM,TIPS INCOME ENGINE,0.0095,-380.3900
VPS,912828B25,USTN TII .625% 01/15/24,2024-01-15,100,0.625,,F,,N,103.7514004,1,13,FUND 13,2014-12-01,-420.0000,12733.4300,5446948.5200,5250000.0000,-45.3700,5355315.0000,2024-01-15,100,101.7110762,TIPS,1.02006,F,F,YTM,TIPS INCOME ENGINE,0.0043,-354.2600
VPS,912828ET3,USTN TII 2% 1/15/16,2016-01-15,100,2,,F,,N,123.0490728,1,13,FUND 13,2014-12-01,-588.5000,53696.3400,7241437.9300,5885000.0000,-686.7700,7057233.1500,2016-01-15,100,102.6101559,TIPS,1.19919,F,F,YTM,TIPS INCOME ENGINE,-0.0032,-653.2900
VPS,912828FL9,USTN TII 2.5% 7/15/16,2016-07-15,100,2.5,,F,,N,124.2186306,1,13,FUND 13,2014-12-01,-875.7900,109076.0500,12087714.9400,9731000.0000,-1002.5400,11468567.3600,2016-07-15,100,105.398648,TIPS,1.17856,F,F,YTM,TIPS INCOME ENGINE,-0.0080,-1146.6500
VPS,912828GD6,USTN TII 2.375% 1/15/17,2017-01-15,100,2.375,,F,,N,125.4284756,1,13,FUND 13,2014-12-01,-954.4500,113090.1600,13301689.8400,10605000.0000,-471.5400,12516445.2000,2017-01-15,100,106.2737033,TIPS,1.18024,F,F,YTM,TIPS INCOME ENGINE,-0.0056,-1162.9000
VPS,912828GX2,USTN TII 2.625% 7/15/17,2017-07-15,100,2.625,,F,,N,124.7098202,1,13,FUND 13,2014-12-01,-1152.3000,132149.1800,14370312.5800,11523000.0000,-1374.2700,13232897.9700,2017-07-15,100,108.5953554,TIPS,1.14839,F,F,YTM,TIPS INCOME ENGINE,-0.0062,-1402.4800
VPS,912828HN3,USTN TII 1.625% 1/15/18,2018-01-15,100,1.625,,F,,N,120.6335744,1,13,FUND 13,2014-12-01,-758.2000,53252.2200,9146437.6100,7582000.0000,-557.3100,8613986.0200,2018-01-15,100,106.1812451,TIPS,1.13611,F,F,YTM,TIPS INCOME ENGINE,-0.0034,-845.7100
VPS,912828JE1,USTN TII 1.375% 7/15/18,2018-07-15,100,1.375,,F,,N,117.35199,1,13,FUND 13,2014-12-01,-444.4200,28510.4900,5794841.2700,4938000.0000,-190.8300,5450317.5000,2018-07-15,100,106.3211687,TIPS,1.10375,F,F,YTM,TIPS INCOME ENGINE,-0.0036,-502.2100
VPS,912828JX9,USTN TII 2.125% 1/15/19,2019-01-15,100,2.125,,F,,N,121.2780765,1,13,FUND 13,2014-12-01,-142.2000,14160.0000,1916193.6100,1580000.0000,-133.6900,1751556.4000,2019-01-15,100,109.3994809,TIPS,1.10858,F,F,YTM,TIPS INCOME ENGINE,-0.0015,-150.1000
VPS,912828LA6,USTN TII 1.875% 7/15/19,2019-07-15,100,1.875,,F,,N,121.8702704,1,13,FUND 13,2014-12-01,-463.9500,40989.4500,6282412.4400,5155000.0000,-546.3300,5746330.0500,2019-07-15,100,109.3291263,TIPS,1.11471,F,F,YTM,TIPS INCOME ENGINE,-0.0014,-487.8900
VPS,912828MF4,USTN TII 1.375% 1/15/20,2020-01-15,100,1.375,,F,,N,117.6244159,1,13,FUND 13,2014-12-01,-754.9200,48293.7100,9866336.0100,8388000.0000,-458.7800,9232252.2000,2020-01-15,100,106.8681378,TIPS,1.10065,F,F,YTM,TIPS INCOME ENGINE,0.0003,-745.8600
VPS,912828NM8,USTN TII 1.25% 7/15/20,2020-07-15,100,1.25,,F,,N,116.6242473,1,13,FUND 13,2014-12-01,-1394.2800,80402.5300,18067428.3900,15492000.0000,-729.5900,16907504.0400,2020-07-15,100,106.8604115,TIPS,1.09137,F,F,YTM,TIPS INCOME ENGINE,0.0003,-1379.8100
VPS,912828PP9,USTN TII 1.125% 1/15/21,2021-01-15,100,1.125,,F,,N,115.06126,1,13,FUND 13,2014-12-01,-1716.7500,88826.4200,21947935.3500,19075000.0000,-592.4800,20754363.0000,2021-01-15,100,105.7509467,TIPS,1.08804,F,F,YTM,TIPS INCOME ENGINE,0.0018,-1606.5500
VPS,912828QD5,USTN TII 0.125% 4/15/16,2016-04-15,100,0.125,,F,,N,108.5119875,1,13,FUND 13,2014-12-01,-891.6300,1760.8700,10750282.6000,9907000.0000,-555.3600,10682619.0300,2016-04-15,100,100.6333987,TIPS,1.07829,F,F,YTM,TIPS INCOME ENGINE,-0.0034,-991.7200
VPS,912828QV5,USTN TII 0.625% 07/15/21,2021-07-15,100,0.625,,F,,N,108.7297984,1,13,FUND 13,2014-12-01,-957.6800,30058.4700,13016044.1700,11971000.0000,-204.3400,12641735.1300,2021-07-15,100,102.9608992,TIPS,1.05603,F,F,YTM,TIPS INCOME ENGINE,0.0018,-894.2300
VPS,912828SA9,USTN TII .125% 1/15/22,2022-01-15,100,0.125,,F,,N,103.9684537,1,13,FUND 13,2014-12-01,-1696.5000,9426.4500,19598053.5200,18850000.0000,-148.1800,19822471.5000,2022-01-15,100,98.86786076,TIPS,1.05159,F,F,YTM,TIPS INCOME ENGINE,0.0029,-1540.9000
VPS,912828SQ4,USTN TII .125% 4/15/17,2017-04-15,100,0.125,,F,,N,106.0762902,1,13,FUND 13,2014-12-01,-1244.0000,2685.9900,16494863.1300,15550000.0000,-568.5800,16295000.5000,2017-04-15,100,101.2265273,TIPS,1.04791,F,F,YTM,TIPS INCOME ENGINE,-0.0039,-1422.3300
VPS,912828TE0,USTN TII .125% 7/15/22,2022-07-15,100,0.125,,F,,N,102.4163011,1,13,FUND 13,2014-12-01,-1244.0000,7653.5200,15925734.8200,15550000.0000,-408.3800,16094250.0000,2022-07-15,100,98.95294792,TIPS,1.035,F,F,YTM,TIPS INCOME ENGINE,0.0026,-1127.2200
VPS,912828UH1,USTN TII .125 1/15/23,2023-01-15,100,0.125,,F,,N,101.1089046,1,13,FUND 13,2014-12-01,-1016.0000,6227.5300,12840830.8800,12700000.0000,-283.0100,13095605.0000,2023-01-15,100,98.05450672,TIPS,1.03115,F,F,YTM,TIPS INCOME ENGINE,0.0037,-884.5500
VPS,912828UX6,USTN TII .125% 04/15/18,2018-04-15,100,0.125,,F,,N,104.0500138,1,13,FUND 13,2014-12-01,-820.0000,1739.6400,10665126.4100,10250000.0000,-242.7200,10553810.0000,2018-04-15,100,101.054751,TIPS,1.02964,F,F,YTM,TIPS INCOME ENGINE,-0.0019,-875.3000
VPS,912828VM9,USTN TII .375% 07/15/23,2023-07-15,100,0.375,,F,,N,102.4907367,1,13,FUND 13,2014-12-01,-928.0000,16925.4000,11888925.4600,11600000.0000,13.9300,11863900.0000,2023-07-15,100,100.2109379,TIPS,1.02275,F,F,YTM,TIPS INCOME ENGINE,0.0035,-812.2000
VPS,912828WU0,USTN TII 0.125% 07/15/24,2024-07-15,100,0.125,,F,,N,97.5832657,1,13,FUND 13,2014-12-01,-1496.0000,8913.8300,18248070.6900,18700000.0000,114.9000,18744506.0000,2024-07-15,100,97.35156897,TIPS,1.00238,F,F,YTM,TIPS INCOME ENGINE,0.0041,-1290.1400
VPS,912810RF7,USTN TII 1.375% 02/15/44,2044-02-15,100,1.375,,F,,N,113.2000297,1,14,FUND 14,2014-12-01,-1510.0000,78505.5600,21366505.6100,18875000.0000,-152.8500,19276093.7500,2044-02-15,100,110.8445823,TIPS,1.02125,F,F,YTM,TIPS INCOME ENGINE,0.0095,-944.7100
VPS,912828WU0,USTN TII 0.125% 07/15/24,2024-07-15,100,0.125,,F,,N,97.5832657,1,14,FUND 14,2014-12-01,-1784.8000,10634.6300,21770826.5800,22310000.0000,215.2500,22363097.8000,2024-07-15,100,97.35156897,TIPS,1.00238,F,F,YTM,TIPS INCOME ENGINE,0.0041,-1539.2000
VPS,912810RF7,USTN TII 1.375% 02/15/44,2044-02-15,100,1.375,,F,,N,113.2000297,1,15,FUND 15,2014-12-01,-8732.0000,453980.4900,123557832.4200,109150000.0000,-883.8200,111469437.5000,2044-02-15,100,110.8445823,TIPS,1.02125,F,F,YTM,TIPS INCOME ENGINE,0.0095,-5463.0400
VPS,912828WU0,USTN TII 0.125% 07/15/24,2024-07-15,100,0.125,,F,,N,97.5832657,1,15,FUND 15,2014-12-01,-10193.8400,60739.3900,124343524.6500,127423000.0000,1229.4700,127726266.7400,2024-07-15,100,97.35156897,TIPS,1.00238,F,F,YTM,TIPS INCOME ENGINE,0.0041,-8791.0800
VPS,912828B25,USTN TII .625% 01/15/24,2024-01-15,100,0.625,,F,,N,103.7514004,1,16,FUND 16,2014-12-01,-5366.8800,162711.3500,69602664.4700,67086000.0000,-259.8400,68431745.1600,2024-01-15,100,101.7110762,TIPS,1.02006,F,F,YTM,TIPS INCOME ENGINE,0.0043,-4526.8200
VPS,912828C99,USTN TII .125% 04/15/19,2019-04-15,100,0.125,,F,,N,102.2109764,1,16,FUND 16,2014-12-01,-4449.2800,9311.9500,56845656.6300,55616000.0000,-638.2400,56492508.1600,2019-04-15,100,100.6251244,TIPS,1.01576,F,F,YTM,TIPS INCOME ENGINE,-0.0002,-4477.5700
VPS,912828ET3,USTN TII 2% 1/15/16,2016-01-15,100,2,,F,,N,123.0490728,1,16,FUND 16,2014-12-01,-2781.7000,253809.8700,34228560.5800,27817000.0000,-628.5600,33357868.2300,2016-01-15,100,102.6101559,TIPS,1.19919,F,F,YTM,TIPS INCOME ENGINE,-0.0032,-3087.9400
VPS,912828FL9,USTN TII 2.5% 7/15/16,2016-07-15,100,2.5,,F,,N,124.2186306,1,16,FUND 16,2014-12-01,-2492.7200,310459.2900,34404834.1200,27697000.0000,-958.4400,32642576.3200,2016-07-15,100,105.398648,TIPS,1.17856,F,F,YTM,TIPS INCOME ENGINE,-0.0080,-3263.6500
VPS,912828GD6,USTN TII 2.375% 1/15/17,2017-01-15,100,2.375,,F,,N,125.4284756,1,16,FUND 16,2014-12-01,-2158.6500,255772.5200,30084019.8700,23985000.0000,-691.7800,28308056.4000,2017-01-15,100,106.2737033,TIPS,1.18024,F,F,YTM,TIPS INCOME ENGINE,-0.0056,-2630.1000
VPS,912828GX2,USTN TII 2.625% 7/15/17,2017-07-15,100,2.625,,F,,N,124.7098202,1,16,FUND 16,2014-12-01,-2113.2000,242348.0500,26353679.2000,21132000.0000,-725.6600,24267777.4800,2017-07-15,100,108.5953554,TIPS,1.14839,F,F,YTM,TIPS INCOME ENGINE,-0.0062,-2572.0100
VPS,912828HN3,USTN TII 1.625% 1/15/18,2018-01-15,100,1.625,,F,,N,120.6335744,1,16,FUND 16,2014-12-01,-2255.7100,158429.2300,27211315.3800,22557000.0000,-135.9800,25627233.2700,2018-01-15,100,106.1812451,TIPS,1.13611,F,F,YTM,TIPS INCOME ENGINE,-0.0034,-2516.0700
VPS,912828JE1,USTN TII 1.375% 7/15/18,2018-07-15,100,1.375,,F,,N,117.35199,1,16,FUND 16,2014-12-01,-2061.0900,132223.3300,26874779.2300,22901000.0000,22.3100,25276978.7500,2018-07-15,100,106.3211687,TIPS,1.10375,F,F,YTM,TIPS INCOME ENGINE,-0.0036,-2329.1000
VPS,912828JX9,USTN TII 2.125% 1/15/19,2019-01-15,100,2.125,,F,,N,121.2780765,1,16,FUND 16,2014-12-01,-1909.0900,190102.4900,25725505.5900,21212000.0000,-347.1000,23515198.9600,2019-01-15,100,109.3994809,TIPS,1.10858,F,F,YTM,TIPS INCOME ENGINE,-0.0015,-2015.2100
VPS,912828LA6,USTN TII 1.875% 7/15/19,2019-07-15,100,1.875,,F,,N,121.8702704,1,16,FUND 16,2014-12-01,-2157.2100,190587.0100,29211085.1100,23969000.0000,-246.2100,26718483.9900,2019-07-15,100,109.3291263,TIPS,1.11471,F,F,YTM,TIPS INCOME ENGINE,-0.0014,-2268.5000
VPS,912828MF4,USTN TII 1.375% 1/15/20,2020-01-15,100,1.375,,F,,N,117.6244159,1,16,FUND 16,2014-12-01,-2649.6900,169505.8600,34629804.2900,29441000.0000,52.5500,32404236.6500,2020-01-15,100,106.8681378,TIPS,1.10065,F,F,YTM,TIPS INCOME ENGINE,0.0003,-2617.8800
VPS,912828NM8,USTN TII 1.25% 7/15/20,2020-07-15,100,1.25,,F,,N,116.6242473,1,16,FUND 16,2014-12-01,-4106.4300,236801.3400,53212145.3200,45627000.0000,-154.7600,49795938.9900,2020-07-15,100,106.8604115,TIPS,1.09137,F,F,YTM,TIPS INCOME ENGINE,0.0003,-4063.8300
VPS,912828PP9,USTN TII 1.125% 1/15/21,2021-01-15,100,1.125,,F,,N,115.06126,1,16,FUND 16,2014-12-01,-4711.5000,243777.8800,60234569.6100,52350000.0000,-86.2000,56958894.0000,2021-01-15,100,105.7509467,TIPS,1.08804,F,F,YTM,TIPS INCOME ENGINE,0.0018,-4409.0600
VPS,912828QD5,USTN TII 0.125% 4/15/16,2016-04-15,100,0.125,,F,,N,108.5119875,1,16,FUND 16,2014-12-01,-5595.7500,11050.9900,67467328.2300,62175000.0000,-1102.5800,67042680.7500,2016-04-15,100,100.6333987,TIPS,1.07829,F,F,YTM,TIPS INCOME ENGINE,-0.0034,-6223.9200
VPS,912828QV5,USTN TII 0.625% 07/15/21,2021-07-15,100,0.625,,F,,N,108.7297984,1,16,FUND 16,2014-12-01,-4580.3100,143761.4100,62252158.7800,57254000.0000,-407.6600,60461941.6200,2021-07-15,100,102.9608992,TIPS,1.05603,F,F,YTM,TIPS INCOME ENGINE,0.0018,-4276.8400
VPS,912828SA9,USTN TII .125% 1/15/22,2022-01-15,100,0.125,,F,,N,103.9684537,1,16,FUND 16,2014-12-01,-5711.5800,31735.8700,65980460.0900,63462000.0000,-303.7300,66736004.5800,2022-01-15,100,98.86786076,TIPS,1.05159,F,F,YTM,TIPS INCOME ENGINE,0.0029,-5187.7100
VPS,912828SQ4,USTN TII .125% 4/15/17,2017-04-15,100,0.125,,F,,N,106.0762902,1,16,FUND 16,2014-12-01,-5759.5900,12435.8700,76369625.1300,71995000.0000,-2544.4100,75444280.4500,2017-04-15,100,101.2265273,TIPS,1.04791,F,F,YTM,TIPS INCOME ENGINE,-0.0039,-6585.2500
VPS,912828TE0,USTN TII .125% 7/15/22,2022-07-15,100,0.125,,F,,N,102.4163011,1,16,FUND 16,2014-12-01,-5320.4000,32732.9300,68111961.0500,66505000.0000,-1020.7500,68832675.0000,2022-07-15,100,98.95294792,TIPS,1.035,F,F,YTM,TIPS INCOME ENGINE,0.0026,-4820.9700
VPS,912828UH1,USTN TII .125 1/15/23,2023-01-15,100,0.125,,F,,N,101.1089046,1,16,FUND 16,2014-12-01,-5365.0300,32884.7900,67806664.6900,67063000.0000,-82.8300,69152012.4500,2023-01-15,100,98.05450672,TIPS,1.03115,F,F,YTM,TIPS INCOME ENGINE,0.0037,-4670.9000
VPS,912828UX6,USTN TII .125% 04/15/18,2018-04-15,100,0.125,,F,,N,104.0500138,1,16,FUND 16,2014-12-01,-6517.0400,13825.9700,84762262.7400,81463000.0000,-969.0300,83877563.3200,2018-04-15,100,101.054751,TIPS,1.02964,F,F,YTM,TIPS INCOME ENGINE,-0.0019,-6956.5700
VPS,912828VM9,USTN TII .375% 07/15/23,2023-07-15,100,0.375,,F,,N,102.4907367,1,16,FUND 16,2014-12-01,-5365.2700,97855.0800,68736437.4800,67066000.0000,211.4200,68591751.5000,2023-07-15,100,100.2109379,TIPS,1.02275,F,F,YTM,TIPS INCOME ENGINE,0.0035,-4695.7800
VPS,912828WU0,USTN TII 0.125% 07/15/24,2024-07-15,100,0.125,,F,,N,97.5832657,1,16,FUND 16,2014-12-01,-5366.8800,31978.2400,65464709.6300,67086000.0000,463.4500,67245664.6800,2024-07-15,100,97.35156897,TIPS,1.00238,F,F,YTM,TIPS INCOME ENGINE,0.0041,-4628.3500
VPS,912828B25,USTN TII .625% 01/15/24,2024-01-15,100,0.625,,F,,N,103.7514004,1,17,FUND 17,2014-12-01,-0.0800,2.4300,1037.5100,1000.0000,-0.0200,1020.0600,2024-01-15,100,101.7110762,TIPS,1.02006,F,F,YTM,TIPS INCOME ENGINE,0.0043,-0.0700
VPS,912828EA4,USTN TII 1.875% 7/15/15,2015-07-15,100,1.875,,F,,N,123.8568388,1,19,FUND 19,2014-12-01,-343.0000,29938.6900,4248289.5700,3430000.0000,-403.2400,4197119.5000,2015-07-15,100,101.2191712,TIPS,1.22365,F,F,YTM,TIPS INCOME ENGINE,-0.0008,-352.9100
VPS,912828MY3,USTN TII .5% 4/15/15,2015-04-15,100,0.5,,F,,N,109.1505187,1,19,FUND 19,2014-12-01,-298.8000,2404.1500,3623797.2200,3320000.0000,-175.5700,3646289.6000,2015-04-15,100,99.38314337,TIPS,1.09828,F,F,YTM,TIPS INCOME ENGINE,0.0217,-80.3000
VPS,912828SQ4,USTN TII .125% 4/15/17,2017-04-15,100,0.125,,F,,N,106.0762902,1,19,FUND 19,2014-12-01,-779.5900,1683.2800,10337134.4800,9745000.0000,-316.7900,10211882.9500,2017-04-15,100,101.2265273,TIPS,1.04791,F,F,YTM,TIPS INCOME ENGINE,-0.0039,-891.3500
VPS,912828B25,USTN TII .625% 01/15/24,2024-01-15,100,0.625,,F,,N,103.7514004,1,20,FUND 20,2014-12-01,-1324.8000,40164.8600,17181231.9100,16560000.0000,-87.8900,16892193.6000,2024-01-15,100,101.7110762,TIPS,1.02006,F,F,YTM,TIPS INCOME ENGINE,0.0043,-1117.4300
VPS,912828C99,USTN TII .125% 04/15/19,2019-04-15,100,0.125,,F,,N,102.2109764,1,20,FUND 20,2014-12-01,-1098.3100,2298.6900,14032544.9500,13729000.0000,-154.2100,13945369.0400,2019-04-15,100,100.6251244,TIPS,1.01576,F,F,YTM,TIPS INCOME ENGINE,-0.0002,-1105.2900
VPS,912828ET3,USTN TII 2% 1/15/16,2016-01-15,100,2,,F,,N,123.0490728,1,20,FUND 20,2014-12-01,-686.7000,62656.3700,8449779.8300,6867000.0000,-704.0200,8234837.7300,2016-01-15,100,102.6101559,TIPS,1.19919,F,F,YTM,TIPS INCOME ENGINE,-0.0032,-762.3000
VPS,912828FL9,USTN TII 2.5% 7/15/16,2016-07-15,100,2.5,,F,,N,124.2186306,1,20,FUND 20,2014-12-01,-615.3300,76636.8200,8492827.7700,6837000.0000,-813.3200,8057814.7200,2016-07-15,100,105.398648,TIPS,1.17856,F,F,YTM,TIPS INCOME ENGINE,-0.0080,-805.6300
VPS,912828GD6,USTN TII 2.375% 1/15/17,2017-01-15,100,2.375,,F,,N,125.4284756,1,20,FUND 20,2014-12-01,-532.8800,63140.6800,7426620.0400,5921000.0000,-650.6200,6988201.0400,2017-01-15,100,106.2737033,TIPS,1.18024,F,F,YTM,TIPS INCOME ENGINE,-0.0056,-649.2600
VPS,912828GX2,USTN TII 2.625% 7/15/17,2017-07-15,100,2.625,,F,,N,124.7098202,1,20,FUND 20,2014-12-01,-521.6000,59818.6400,6504864.2200,5216000.0000,-602.3800,5990002.2400,2017-07-15,100,108.5953554,TIPS,1.14839,F,F,YTM,TIPS INCOME ENGINE,-0.0062,-634.8500
VPS,912828HN3,USTN TII 1.625% 1/15/18,2018-01-15,100,1.625,,F,,N,120.6335744,1,20,FUND 20,2014-12-01,-556.8000,39106.8800,6716877.4200,5568000.0000,-427.2700,6325860.4800,2018-01-15,100,106.1812451,TIPS,1.13611,F,F,YTM,TIPS INCOME ENGINE,-0.0034,-621.0700
VPS,912828JE1,USTN TII 1.375% 7/15/18,2018-07-15,100,1.375,,F,,N,117.35199,1,20,FUND 20,2014-12-01,-508.7800,32638.6800,6633907.9900,5653000.0000,-381.0300,6239498.7500,2018-07-15,100,106.3211687,TIPS,1.10375,F,F,YTM,TIPS INCOME ENGINE,-0.0036,-574.9400
VPS,912828JX9,USTN TII 2.125% 1/15/19,2019-01-15,100,2.125,,F,,N,121.2780765,1,20,FUND 20,2014-12-01,-471.2400,46925.1700,6350120.0900,5236000.0000,-442.6200,5804524.8800,2019-01-15,100,109.3994809,TIPS,1.10858,F,F,YTM,TIPS INCOME ENGINE,-0.0015,-497.4400
VPS,912828LA6,USTN TII 1.875% 7/15/19,2019-07-15,100,1.875,,F,,N,121.8702704,1,20,FUND 20,2014-12-01,-532.5300,47048.4100,7211063.9000,5917000.0000,-450.8600,6595739.0700,2019-07-15,100,109.3291263,TIPS,1.11471,F,F,YTM,TIPS INCOME ENGINE,-0.0014,-560.0000
VPS,912828MF4,USTN TII 1.375% 1/15/20,2020-01-15,100,1.375,,F,,N,117.6244159,1,20,FUND 20,2014-12-01,-654.0300,41839.5800,8547766.3000,7267000.0000,-396.4100,7998423.5500,2020-01-15,100,106.8681378,TIPS,1.10065,F,F,YTM,TIPS INCOME ENGINE,0.0003,-646.1800
VPS,912828NM8,USTN TII 1.25% 7/15/20,2020-07-15,100,1.25,,F,,N,116.6242473,1,20,FUND 20,2014-12-01,-1013.6700,58454.2800,13135388.9700,11263000.0000,-550.4000,12292100.3100,2020-07-15,100,106.8604115,TIPS,1.09137,F,F,YTM,TIPS INCOME ENGINE,0.0003,-1003.1500
VPS,912828PP9,USTN TII 1.125% 1/15/21,2021-01-15,100,1.125,,F,,N,115.06126,1,20,FUND 20,2014-12-01,-1162.9900,60173.7900,14868216.0200,12922000.0000,-524.1500,14059652.8800,2021-01-15,100,105.7509467,TIPS,1.08804,F,F,YTM,TIPS INCOME ENGINE,0.0018,-1088.3400
VPS,912828QD5,USTN TII 0.125% 4/15/16,2016-04-15,100,0.125,,F,,N,108.5119875,1,20,FUND 20,2014-12-01,-1381.3200,2727.9600,16654419.8400,15348000.0000,-564.0700,16549594.9200,2016-04-15,100,100.6333987,TIPS,1.07829,F,F,YTM,TIPS INCOME ENGINE,-0.0034,-1536.3800
VPS,912828QV5,USTN TII 0.625% 07/15/21,2021-07-15,100,0.625,,F,,N,108.7297984,1,20,FUND 20,2014-12-01,-1130.6400,35487.1300,15366782.4100,14133000.0000,-344.9700,14924871.9900,2021-07-15,100,102.9608992,TIPS,1.05603,F,F,YTM,TIPS INCOME ENGINE,0.0018,-1055.7300
VPS,912828SA9,USTN TII .125% 1/15/22,2022-01-15,100,0.125,,F,,N,103.9684537,1,20,FUND 20,2014-12-01,-1409.8500,7833.7000,16286658.2700,15665000.0000,-72.4200,16473157.3500,2022-01-15,100,98.86786076,TIPS,1.05159,F,F,YTM,TIPS INCOME ENGINE,0.0029,-1280.5400
VPS,912828SQ4,USTN TII .125% 4/15/17,2017-04-15,100,0.125,,F,,N,106.0762902,1,20,FUND 20,2014-12-01,-1417.6000,3060.8200,18796718.6200,17720000.0000,-631.1000,18568965.2000,2017-04-15,100,101.2265273,TIPS,1.04791,F,F,YTM,TIPS INCOME ENGINE,-0.0039,-1620.8200
VPS,912828TE0,USTN TII .125% 7/15/22,2022-07-15,100,0.125,,F,,N,102.4163011,1,20,FUND 20,2014-12-01,-1313.3600,8080.2400,16813684.1500,16417000.0000,-257.4600,16991595.0000,2022-07-15,100,98.95294792,TIPS,1.035,F,F,YTM,TIPS INCOME ENGINE,0.0026,-1190.0700
VPS,912828UH1,USTN TII .125 1/15/23,2023-01-15,100,0.125,,F,,N,101.1089046,1,20,FUND 20,2014-12-01,-1324.3200,8117.3600,16737568.0700,16554000.0000,-91.5900,17069657.1000,2023-01-15,100,98.05450672,TIPS,1.03115,F,F,YTM,TIPS INCOME ENGINE,0.0037,-1152.9800
VPS,912828UX6,USTN TII .125% 04/15/18,2018-04-15,100,0.125,,F,,N,104.0500138,1,20,FUND 20,2014-12-01,-1608.7100,3412.9200,20923417.2800,20109000.0000,-326.4100,20705030.7600,2018-04-15,100,101.054751,TIPS,1.02964,F,F,YTM,TIPS INCOME ENGINE,-0.0019,-1717.2100
VPS,912828VM9,USTN TII .375% 07/15/23,2023-07-15,100,0.375,,F,,N,102.4907367,1,20,FUND 20,2014-12-01,-1324.4100,24155.1700,16967341.4600,16555000.0000,-1.8300,16931626.2500,2023-07-15,100,100.2109379,TIPS,1.02275,F,F,YTM,TIPS INCOME ENGINE,0.0035,-1159.1500
VPS,912828WU0,USTN TII 0.125% 07/15/24,2024-07-15,100,0.125,,F,,N,97.5832657,1,20,FUND 20,2014-12-01,-1324.8000,7893.7400,16159788.8000,16560000.0000,113.1600,16599412.8000,2024-07-15,100,97.35156897,TIPS,1.00238,F,F,YTM,TIPS INCOME ENGINE,0.0041,-1142.5000
VPS,912810FD5,USTN TII 3.625 4/15/28,2028-04-15,100,3.625,,F,,N,203.5416439,1,21,FUND 21,2014-12-01,-231.2500,13555.3400,3922247.4800,1927000.0000,-218.9800,2835715.3900,2028-04-15,100,138.3159781,TIPS,1.47157,F,F,YTM,TIPS INCOME ENGINE,0.0063,-162.1300
VPS,912810FH6,USTN TII 3.875% 4/15/29,2029-04-15,100,3.875,,F,,N,208.2544591,1,21,FUND 21,2014-12-01,-285.9600,17629.9100,4962703.7600,2383000.0000,-284.3300,3450155.0600,2029-04-15,100,143.8400209,TIPS,1.44782,F,F,YTM,TIPS INCOME ENGINE,0.0067,-193.2400
VPS,912810FQ6,USTN TII 3.375% 4/15/32,2032-04-15,100,3.375,,F,,N,190.6343073,1,21,FUND 21,2014-12-01,-107.5800,5836.4900,1864403.5300,978000.0000,-83.0700,1311409.9800,2032-04-15,100,142.1678616,TIPS,1.34091,F,F,YTM,TIPS INCOME ENGINE,0.0078,-67.2800
VPS,912810FR4,USTN TII 2.375% 1/15/25,2025-01-15,100,2.375,,F,,N,149.7984637,1,21,FUND 21,2014-12-01,-500.0600,51864.0700,6809838.1600,4546000.0000,-301.7200,5740143.2800,2025-01-15,100,118.6353341,TIPS,1.26268,F,F,YTM,TIPS INCOME ENGINE,0.0049,-407.4200
VPS,912810FS2,USTN TII 2% 1/15/26,2026-01-15,100,2,,F,,N,138.6772607,1,21,FUND 21,2014-12-01,-348.5900,31807.2100,4834289.3100,3486000.0000,-172.6200,4180376.3400,2026-01-15,100,115.6424426,TIPS,1.19919,F,F,YTM,TIPS INCOME ENGINE,0.0055,-274.4700
VPS,912810PS1,USTN TII 2.375% 1/15/27,2027-01-15,100,2.375,,F,,N,142.3311553,1,21,FUND 21,2014-12-01,-256.5000,30391.9800,4056437.9300,2850000.0000,-162.4300,3363684.0000,2027-01-15,100,120.5950953,TIPS,1.18024,F,F,YTM,TIPS INCOME ENGINE,0.0061,-187.2700
VPS,912810PV4,USTN TII 1.75% 1/15/28,2028-01-15,100,1.75,,F,,N,129.2793372,1,21,FUND 21,2014-12-01,-295.3000,22335.8300,3817618.8300,2953000.0000,-100.1100,3354932.8300,2028-01-15,100,113.7912149,TIPS,1.13611,F,F,YTM,TIPS INCOME ENGINE,0.0065,-225.7900
VPS,912810PZ5,USTN TII 2.5% 1/15/29,2029-01-15,100,2.5,,F,,N,138.2286429,1,21,FUND 21,2014-12-01,-263.7900,30903.1700,4051481.5200,2931000.0000,-154.1800,3249247.9800,2029-01-15,100,124.689822,TIPS,1.10858,F,F,YTM,TIPS INCOME ENGINE,0.0067,-188.3400
VPS,912810QF8,USTN TII 2.125% 2/15/40,2040-02-15,100,2.125,,F,,N,140.60251,1,21,FUND 21,2014-12-01,-145.1700,11179.8100,2267918.4900,1613000.0000,-46.0500,1776219.4700,2040-02-15,100,127.6823346,TIPS,1.10119,F,F,YTM,TIPS INCOME ENGINE,0.0090,-88.4700
VPS,912810QP6,USTN TII 2.125% 2/15/41,2041-02-15,100,2.125,,F,,N,139.6633118,1,21,FUND 21,2014-12-01,-166.2300,14215.3200,2902203.6200,2078000.0000,-58.3100,2258495.0800,2041-02-15,100,128.5016578,TIPS,1.08686,F,F,YTM,TIPS INCOME ENGINE,0.0090,-93.2100
VPS,912810QV3,USTN TII 0.75% 2/15/42,2042-02-15,100,0.75,,F,,N,100.3464716,1,21,FUND 21,2014-12-01,-339.4800,8826.2500,3785068.9100,3772000.0000,17.8100,3973160.7600,2042-02-15,100,95.26593907,TIPS,1.05333,F,F,YTM,TIPS INCOME ENGINE,0.0095,-239.5900
VPS,912810RA8,USTN TII 0.625 02/15/2043,2043-02-15,100,0.625,,F,,N,95.233289,1,21,FUND 21,2014-12-01,-254.9800,5429.2800,2697959.0800,2833000.0000,33.4000,2932806.5900,2043-02-15,100,91.99239686,TIPS,1.03523,F,F,YTM,TIPS INCOME ENGINE,0.0095,-183.7000
VPS,912810RF7,USTN TII 1.375% 02/15/44,2044-02-15,100,1.375,,F,,N,113.2000297,1,21,FUND 21,2014-12-01,-347.8400,18084.3500,4921937.2900,4348000.0000,-26.5700,4440395.0000,2044-02-15,100,110.8445823,TIPS,1.02125,F,F,YTM,TIPS INCOME ENGINE,0.0095,-217.6200
VPS,912828B25,USTN TII .625% 01/15/24,2024-01-15,100,0.625,,F,,N,103.7514004,1,21,FUND 21,2014-12-01,-695.9300,21098.6800,9025334.3200,8699000.0000,-44.6600,8873501.9400,2024-01-15,100,101.7110762,TIPS,1.02006,F,F,YTM,TIPS INCOME ENGINE,0.0043,-587.0000
VPS,912828C99,USTN TII .125% 04/15/19,2019-04-15,100,0.125,,F,,N,102.2109764,1,21,FUND 21,2014-12-01,-576.9800,1207.5300,7371455.6200,7212000.0000,-78.5700,7325661.1200,2019-04-15,100,100.6251244,TIPS,1.01576,F,F,YTM,TIPS INCOME ENGINE,-0.0002,-580.6500
VPS,912828ET3,USTN TII 2% 1/15/16,2016-01-15,100,2,,F,,N,123.0490728,1,21,FUND 21,2014-12-01,-360.6900,32911.2500,4438380.0600,3607000.0000,-387.7900,4325478.3300,2016-01-15,100,102.6101559,TIPS,1.19919,F,F,YTM,TIPS INCOME ENGINE,-0.0032,-400.4000
VPS,912828FL9,USTN TII 2.5% 7/15/16,2016-07-15,100,2.5,,F,,N,124.2186306,1,21,FUND 21,2014-12-01,-323.1900,40251.9900,4460691.0200,3591000.0000,-451.0800,4232208.9600,2016-07-15,100,105.398648,TIPS,1.17856,F,F,YTM,TIPS INCOME ENGINE,-0.0080,-423.1400
VPS,912828GD6,USTN TII 2.375% 1/15/17,2017-01-15,100,2.375,,F,,N,125.4284756,1,21,FUND 21,2014-12-01,-279.9000,33164.5800,3900825.5900,3110000.0000,-349.2900,3670546.4000,2017-01-15,100,106.2737033,TIPS,1.18024,F,F,YTM,TIPS INCOME ENGINE,-0.0056,-341.0300
VPS,912828GX2,USTN TII 2.625% 7/15/17,2017-07-15,100,2.625,,F,,N,124.7098202,1,21,FUND 21,2014-12-01,-274.0000,31423.1300,3417049.0700,2740000.0000,-323.9100,3146588.6000,2017-07-15,100,108.5953554,TIPS,1.14839,F,F,YTM,TIPS INCOME ENGINE,-0.0062,-333.4900
VPS,912828HN3,USTN TII 1.625% 1/15/18,2018-01-15,100,1.625,,F,,N,120.6335744,1,21,FUND 21,2014-12-01,-292.5000,20543.7600,3528532.0500,2925000.0000,-224.1600,3323121.7500,2018-01-15,100,106.1812451,TIPS,1.13611,F,F,YTM,TIPS INCOME ENGINE,-0.0034,-326.2600
VPS,912828JE1,USTN TII 1.375% 7/15/18,2018-07-15,100,1.375,,F,,N,117.35199,1,21,FUND 21,2014-12-01,-267.2900,17147.8700,3485354.1000,2970000.0000,-196.6000,3278137.5000,2018-07-15,100,106.3211687,TIPS,1.10375,F,F,YTM,TIPS INCOME ENGINE,-0.0036,-302.0500
VPS,912828JX9,USTN TII 2.125% 1/15/19,2019-01-15,100,2.125,,F,,N,121.2780765,1,21,FUND 21,2014-12-01,-247.5900,24654.5300,3336359.8800,2751000.0000,-225.9800,3049703.5800,2019-01-15,100,109.3994809,TIPS,1.10858,F,F,YTM,TIPS INCOME ENGINE,-0.0015,-261.3500
VPS,912828LA6,USTN TII 1.875% 7/15/19,2019-07-15,100,1.875,,F,,N,121.8702704,1,21,FUND 21,2014-12-01,-279.7200,24712.9400,3787728.0000,3108000.0000,-231.8600,3464518.6800,2019-07-15,100,109.3291263,TIPS,1.11471,F,F,YTM,TIPS INCOME ENGINE,-0.0014,-294.1500
VPS,912828MF4,USTN TII 1.375% 1/15/20,2020-01-15,100,1.375,,F,,N,117.6244159,1,21,FUND 21,2014-12-01,-343.6400,21982.0400,4490900.2000,3818000.0000,-190.9100,4202281.7000,2020-01-15,100,106.8681378,TIPS,1.10065,F,F,YTM,TIPS INCOME ENGINE,0.0003,-339.5100
VPS,912828NM8,USTN TII 1.25% 7/15/20,2020-07-15,100,1.25,,F,,N,116.6242473,1,21,FUND 21,2014-12-01,-532.4500,30703.6800,6899490.4700,5916000.0000,-281.0000,6456544.9200,2020-07-15,100,106.8604115,TIPS,1.09137,F,F,YTM,TIPS INCOME ENGINE,0.0003,-526.9300
VPS,912828PP9,USTN TII 1.125% 1/15/21,2021-01-15,100,1.125,,F,,N,115.06126,1,21,FUND 21,2014-12-01,-610.9300,31609.6300,7810358.3300,6788000.0000,-245.8100,7385615.5200,2021-01-15,100,105.7509467,TIPS,1.08804,F,F,YTM,TIPS INCOME ENGINE,0.0018,-571.7100
VPS,912828QD5,USTN TII 0.125% 4/15/16,2016-04-15,100,0.125,,F,,N,108.5119875,1,21,FUND 21,2014-12-01,-725.5700,1432.9400,8748236.4300,8062000.0000,-315.9900,8693173.9800,2016-04-15,100,100.6333987,TIPS,1.07829,F,F,YTM,TIPS INCOME ENGINE,-0.0034,-807.0200
VPS,912828QV5,USTN TII 0.625% 07/15/21,2021-07-15,100,0.625,,F,,N,108.7297984,1,21,FUND 21,2014-12-01,-593.9400,18641.2300,8072100.2300,7424000.0000,-163.9000,7839966.7200,2021-07-15,100,102.9608992,TIPS,1.05603,F,F,YTM,TIPS INCOME ENGINE,0.0018,-554.5900
VPS,912828SA9,USTN TII .125% 1/15/22,2022-01-15,100,0.125,,F,,N,103.9684537,1,21,FUND 21,2014-12-01,-740.6000,4115.1300,8555564.0500,8229000.0000,-27.3400,8653534.1100,2022-01-15,100,98.86786076,TIPS,1.05159,F,F,YTM,TIPS INCOME ENGINE,0.0029,-672.6700
VPS,912828SQ4,USTN TII .125% 4/15/17,2017-04-15,100,0.125,,F,,N,106.0762902,1,21,FUND 21,2014-12-01,-746.8100,1612.4600,9902221.6900,9335000.0000,-305.5700,9782239.8500,2017-04-15,100,101.2265273,TIPS,1.04791,F,F,YTM,TIPS INCOME ENGINE,-0.0039,-853.8700
VPS,912828TE0,USTN TII .125% 7/15/22,2022-07-15,100,0.125,,F,,N,102.4163011,1,21,FUND 21,2014-12-01,-689.9100,4244.6300,8832381.8100,8624000.0000,-34.7100,8925840.0000,2022-07-15,100,98.95294792,TIPS,1.035,F,F,YTM,TIPS INCOME ENGINE,0.0026,-625.1500
VPS,912828UH1,USTN TII .125 1/15/23,2023-01-15,100,0.125,,F,,N,101.1089046,1,21,FUND 21,2014-12-01,-695.6900,4264.1400,8792430.3400,8696000.0000,10.9700,8966880.4000,2023-01-15,100,98.05450672,TIPS,1.03115,F,F,YTM,TIPS INCOME ENGINE,0.0037,-605.6800
VPS,912828UX6,USTN TII .125% 04/15/18,2018-04-15,100,0.125,,F,,N,104.0500138,1,21,FUND 21,2014-12-01,-845.0300,1792.7600,10990802.9600,10563000.0000,-181.1900,10876087.3200,2018-04-15,100,101.054751,TIPS,1.02964,F,F,YTM,TIPS INCOME ENGINE,-0.0019,-902.0200
VPS,912828VM9,USTN TII .375% 07/15/23,2023-07-15,100,0.375,,F,,N,102.4907367,1,21,FUND 21,2014-12-01,-695.6700,12688.2100,8912594.4600,8696000.0000,11.9000,8893834.0000,2023-07-15,100,100.2109379,TIPS,1.02275,F,F,YTM,TIPS INCOME ENGINE,0.0035,-608.8600
VPS,912828WU0,USTN TII 0.125% 07/15/24,2024-07-15,100,0.125,,F,,N,97.5832657,1,21,FUND 21,2014-12-01,-695.9200,4146.6000,8488768.2800,8699000.0000,61.3200,8719703.6200,2024-07-15,100,97.35156897,TIPS,1.00238,F,F,YTM,TIPS INCOME ENGINE,0.0041,-600.1600
VPS,912810RF7,USTN TII 1.375% 02/15/44,2044-02-15,100,1.375,,F,,N,113.2000297,1,23,FUND 23,2014-12-01,-4956.5600,257693.7200,70135342.4000,61957000.0000,-648.4700,63273586.2500,2044-02-15,100,110.8445823,TIPS,1.02125,F,F,YTM,TIPS INCOME ENGINE,0.0095,-3101.0000
VPS,BBFKMW7,ITALY GOVT I/L 2.25% 4/17,2017-04-22,100,2.25,,F,,N,103.3477851,0.80182817,24,FUND 24,2014-12-01, -   ,13938.8700,5684128.1800,5500000.0000, -   ,5500000.0000,2017-04-22,100,103.3477851,TIPS,1,F,F,YTM,TIPS INCOME ENGINE,0.0083,164.4600
VPS,BMP36Z4,SPAIN GOVERNMEN I/L 1.8 1,2024-11-30,100,1.8,,F,,N,110.1470269,0.80182817,24,FUND 24,2014-12-01, -   ,295.8900,3304410.8100,3000000.0000, -   ,3000000.0000,2024-11-30,100,110.1470269,TIPS,1,F,F,YTM,TIPS INCOME ENGINE,0.0074,85.2800
VPS,912810RF7,USTN TII 1.375% 02/15/44,2044-02-15,100,1.375,,F,,N,113.2000297,1,25,FUND 25,2014-12-01,-243.2800,12648.2300,3442412.9000,3041000.0000,-32.7200,3105621.2500,2044-02-15,100,110.8445823,TIPS,1.02125,F,F,YTM,TIPS INCOME ENGINE,0.0095,-152.2000
VPS,BBDR7T2,UK GILT I/L 0.125 11/22/1,2019-11-22,100,0.125,,F,,N,110.5044636,0.6353442,26,FUND 26,2014-12-01, -   ,84.6000,2707359.3600,2450000.0000, -   ,2450000.0000,2019-11-22,100,110.5044636,TIPS,1,F,F,YTM,TIPS INCOME ENGINE,-0.0188,-222.4600
VPS,B85SFQ5,UK GILT I/L 3MO 0.125 3/2,2024-03-22,100,0.125,,F,,N,116.3048535,0.6353442,26,FUND 26,2014-12-01, -   ,600.6600,2849468.9100,2450000.0000, -   ,2450000.0000,2024-03-22,100,116.3048535,TIPS,1,F,F,YTM,TIPS INCOME ENGINE,-0.0150,-186.9800
VPS,912810RF7,USTN TII 1.375% 02/15/44,2044-02-15,100,1.375,,F,,N,113.2000297,1,27,FUND 27,2014-12-01,-5808.0000,301960.4500,82183221.5600,72600000.0000,-587.8900,74142750.0000,2044-02-15,100,110.8445823,TIPS,1.02125,F,F,YTM,TIPS INCOME ENGINE,0.0095,-3633.6900
VPS,912828WU0,USTN TII 0.125% 07/15/24,2024-07-15,100,0.125,,F,,N,97.5832657,1,27,FUND 27,2014-12-01,-6893.8400,41076.5400,84090427.5500,86173000.0000,831.4400,86378091.7400,2024-07-15,100,97.35156897,TIPS,1.00238,F,F,YTM,TIPS INCOME ENGINE,0.0041,-5945.1900
VPS,912810RF7,USTN TII 1.375% 02/15/44,2044-02-15,100,1.375,,F,,N,113.2000297,1,28,FUND 28,2014-12-01,-6349.6000,330118.4700,89846863.5700,79370000.0000,-824.5100,81056612.5000,2044-02-15,100,110.8445823,TIPS,1.02125,F,F,YTM,TIPS INCOME ENGINE,0.0095,-3972.5300
VPS,912810RF7,USTN TII 1.375% 02/15/44,2044-02-15,100,1.375,,F,,N,113.2000297,1,29,FUND 29,2014-12-01,-148.0000,7694.5800,2094200.5500,1850000.0000,-14.9800,1889312.5000,2044-02-15,100,110.8445823,TIPS,1.02125,F,F,YTM,TIPS INCOME ENGINE,0.0095,-92.5900
VPS,912828WU0,USTN TII 0.125% 07/15/24,2024-07-15,100,0.125,,F,,N,97.5832657,1,29,FUND 29,2014-12-01,-186.4800,1111.1300,2274665.9200,2331000.0000,22.4900,2336547.7800,2024-07-15,100,97.35156897,TIPS,1.00238,F,F,YTM,TIPS INCOME ENGINE,0.0041,-160.8200
VPS,912810FD5,USTN TII 3.625 4/15/28,2028-04-15,100,3.625,,F,,N,203.5416439,1,30,FUND 30,2014-12-01,-428.6400,25126.9800,7270507.5200,3572000.0000,-157.6300,5256448.0400,2028-04-15,100,138.3159781,TIPS,1.47157,F,F,YTM,TIPS INCOME ENGINE,0.0063,-300.5100
VPS,912810FH6,USTN TII 3.875% 4/15/29,2029-04-15,100,3.875,,F,,N,208.2544591,1,30,FUND 30,2014-12-01,-498.2400,30717.3300,8646725.1400,4152000.0000,-287.4000,6011348.6400,2029-04-15,100,143.8400209,TIPS,1.44782,F,F,YTM,TIPS INCOME ENGINE,0.0067,-336.6800
VPS,912810FR4,USTN TII 2.375% 1/15/25,2025-01-15,100,2.375,,F,,N,149.7984637,1,30,FUND 30,2014-12-01,-1022.8900,106089.7400,13929759.1400,9299000.0000,-34.1300,11741661.3200,2025-01-15,100,118.6353341,TIPS,1.26268,F,F,YTM,TIPS INCOME ENGINE,0.0049,-833.3900
VPS,912810FS2,USTN TII 2% 1/15/26,2026-01-15,100,2,,F,,N,138.6772607,1,30,FUND 30,2014-12-01,-970.8000,88578.4300,13462788.4700,9708000.0000,-116.6300,11641736.5200,2026-01-15,100,115.6424426,TIPS,1.19919,F,F,YTM,TIPS INCOME ENGINE,0.0055,-764.4000
VPS,912810PS1,USTN TII 2.375% 1/15/27,2027-01-15,100,2.375,,F,,N,142.3311553,1,30,FUND 30,2014-12-01,-745.7400,88360.6900,11793559.5300,8286000.0000,3.3300,9779468.6400,2027-01-15,100,120.5950953,TIPS,1.18024,F,F,YTM,TIPS INCOME ENGINE,0.0061,-544.4600
VPS,912810PV4,USTN TII 1.75% 1/15/28,2028-01-15,100,1.75,,F,,N,129.2793372,1,30,FUND 30,2014-12-01,-587.6000,44444.7500,7596453.8500,5876000.0000,-99.1500,6675782.3600,2028-01-15,100,113.7912149,TIPS,1.13611,F,F,YTM,TIPS INCOME ENGINE,0.0065,-449.2800
VPS,912810PZ5,USTN TII 2.5% 1/15/29,2029-01-15,100,2.5,,F,,N,138.2286429,1,30,FUND 30,2014-12-01,-462.4200,54172.8100,7102187.6700,5138000.0000,-378.3100,5695884.0400,2029-01-15,100,124.689822,TIPS,1.10858,F,F,YTM,TIPS INCOME ENGINE,0.0067,-330.1600
VPS,912810QF8,USTN TII 2.125% 2/15/40,2040-02-15,100,2.125,,F,,N,140.60251,1,30,FUND 30,2014-12-01,-305.0100,23489.3700,4765019.0600,3389000.0000,-35.3400,3731932.9100,2040-02-15,100,127.6823346,TIPS,1.10119,F,F,YTM,TIPS INCOME ENGINE,0.0090,-185.8800
VPS,912810QP6,USTN TII 2.125% 2/15/41,2041-02-15,100,2.125,,F,,N,139.6633118,1,30,FUND 30,2014-12-01,-316.5600,27069.3200,5526477.2500,3957000.0000,-101.7200,4300705.0200,2041-02-15,100,128.5016578,TIPS,1.08686,F,F,YTM,TIPS INCOME ENGINE,0.0090,-177.5000
VPS,912810QV3,USTN TII 0.75% 2/15/42,2042-02-15,100,0.75,,F,,N,100.3464716,1,30,FUND 30,2014-12-01,-711.0000,18485.5100,7927371.2600,7900000.0000,-58.9600,8321307.0000,2042-02-15,100,95.26593907,TIPS,1.05333,F,F,YTM,TIPS INCOME ENGINE,0.0095,-501.8000
VPS,912810RA8,USTN TII 0.625 02/15/2043,2043-02-15,100,0.625,,F,,N,95.233289,1,30,FUND 30,2014-12-01,-414.0000,8815.6300,4380731.2900,4600000.0000,26.3800,4762058.0000,2043-02-15,100,91.99239686,TIPS,1.03523,F,F,YTM,TIPS INCOME ENGINE,0.0095,-298.2500
VPS,912810RF7,USTN TII 1.375% 02/15/44,2044-02-15,100,1.375,,F,,N,113.2000297,1,30,FUND 30,2014-12-01,-608.0000,31610.1900,8603202.2600,7600000.0000,-63.8500,7761500.0000,2044-02-15,100,110.8445823,TIPS,1.02125,F,F,YTM,TIPS INCOME ENGINE,0.0095,-380.3900
VPS,912828B25,USTN TII .625% 01/15/24,2024-01-15,100,0.625,,F,,N,103.7514004,1,30,FUND 30,2014-12-01,-420.0000,12733.4300,5446948.5200,5250000.0000,-45.3700,5355315.0000,2024-01-15,100,101.7110762,TIPS,1.02006,F,F,YTM,TIPS INCOME ENGINE,0.0043,-354.2600
VPS,912828ET3,USTN TII 2% 1/15/16,2016-01-15,100,2,,F,,N,123.0490728,1,30,FUND 30,2014-12-01,-588.5000,53696.3400,7241437.9300,5885000.0000,-686.7700,7057233.1500,2016-01-15,100,102.6101559,TIPS,1.19919,F,F,YTM,TIPS INCOME ENGINE,-0.0032,-653.2900
VPS,912828FL9,USTN TII 2.5% 7/15/16,2016-07-15,100,2.5,,F,,N,124.2186306,1,30,FUND 30,2014-12-01,-875.7900,109076.0500,12087714.9400,9731000.0000,-1002.5400,11468567.3600,2016-07-15,100,105.398648,TIPS,1.17856,F,F,YTM,TIPS INCOME ENGINE,-0.0080,-1146.6500
VPS,912828GD6,USTN TII 2.375% 1/15/17,2017-01-15,100,2.375,,F,,N,125.4284756,1,30,FUND 30,2014-12-01,-954.4500,113090.1600,13301689.8400,10605000.0000,-471.5400,12516445.2000,2017-01-15,100,106.2737033,TIPS,1.18024,F,F,YTM,TIPS INCOME ENGINE,-0.0056,-1162.9000
VPS,912828GX2,USTN TII 2.625% 7/15/17,2017-07-15,100,2.625,,F,,N,124.7098202,1,30,FUND 30,2014-12-01,-1152.3000,132149.1800,14370312.5800,11523000.0000,-1374.2700,13232897.9700,2017-07-15,100,108.5953554,TIPS,1.14839,F,F,YTM,TIPS INCOME ENGINE,-0.0062,-1402.4800
VPS,912828HN3,USTN TII 1.625% 1/15/18,2018-01-15,100,1.625,,F,,N,120.6335744,1,30,FUND 30,2014-12-01,-758.2000,53252.2200,9146437.6100,7582000.0000,-557.3300,8613986.0200,2018-01-15,100,106.1812451,TIPS,1.13611,F,F,YTM,TIPS INCOME ENGINE,-0.0034,-845.7100
VPS,912828JE1,USTN TII 1.375% 7/15/18,2018-07-15,100,1.375,,F,,N,117.35199,1,30,FUND 30,2014-12-01,-444.4200,28510.4900,5794841.2700,4938000.0000,-190.8300,5450317.5000,2018-07-15,100,106.3211687,TIPS,1.10375,F,F,YTM,TIPS INCOME ENGINE,-0.0036,-502.2100
VPS,912828JX9,USTN TII 2.125% 1/15/19,2019-01-15,100,2.125,,F,,N,121.2780765,1,30,FUND 30,2014-12-01,-142.2000,14160.0000,1916193.6100,1580000.0000,-133.7000,1751556.4000,2019-01-15,100,109.3994809,TIPS,1.10858,F,F,YTM,TIPS INCOME ENGINE,-0.0015,-150.1000
VPS,912828LA6,USTN TII 1.875% 7/15/19,2019-07-15,100,1.875,,F,,N,121.8702704,1,30,FUND 30,2014-12-01,-463.9500,40989.4500,6282412.4400,5155000.0000,-546.3300,5746330.0500,2019-07-15,100,109.3291263,TIPS,1.11471,F,F,YTM,TIPS INCOME ENGINE,-0.0014,-487.8900
VPS,912828MF4,USTN TII 1.375% 1/15/20,2020-01-15,100,1.375,,F,,N,117.6244159,1,30,FUND 30,2014-12-01,-754.9200,48293.7100,9866336.0100,8388000.0000,-458.7800,9232252.2000,2020-01-15,100,106.8681378,TIPS,1.10065,F,F,YTM,TIPS INCOME ENGINE,0.0003,-745.8600
VPS,912828NM8,USTN TII 1.25% 7/15/20,2020-07-15,100,1.25,,F,,N,116.6242473,1,30,FUND 30,2014-12-01,-1394.2800,80402.5300,18067428.3900,15492000.0000,-729.5900,16907504.0400,2020-07-15,100,106.8604115,TIPS,1.09137,F,F,YTM,TIPS INCOME ENGINE,0.0003,-1379.8100
VPS,912828PP9,USTN TII 1.125% 1/15/21,2021-01-15,100,1.125,,F,,N,115.06126,1,30,FUND 30,2014-12-01,-1716.7500,88826.4200,21947935.3500,19075000.0000,-592.4900,20754363.0000,2021-01-15,100,105.7509467,TIPS,1.08804,F,F,YTM,TIPS INCOME ENGINE,0.0018,-1606.5500
VPS,912828QD5,USTN TII 0.125% 4/15/16,2016-04-15,100,0.125,,F,,N,108.5119875,1,30,FUND 30,2014-12-01,-891.6300,1760.8700,10750282.6000,9907000.0000,-555.3600,10682619.0300,2016-04-15,100,100.6333987,TIPS,1.07829,F,F,YTM,TIPS INCOME ENGINE,-0.0034,-991.7200
VPS,912828QV5,USTN TII 0.625% 07/15/21,2021-07-15,100,0.625,,F,,N,108.7297984,1,30,FUND 30,2014-12-01,-957.6800,30058.4700,13016044.1700,11971000.0000,-204.3400,12641735.1300,2021-07-15,100,102.9608992,TIPS,1.05603,F,F,YTM,TIPS INCOME ENGINE,0.0018,-894.2300
VPS,912828SA9,USTN TII .125% 1/15/22,2022-01-15,100,0.125,,F,,N,103.9684537,1,30,FUND 30,2014-12-01,-1696.5000,9426.4500,19598053.5200,18850000.0000,-148.1800,19822471.5000,2022-01-15,100,98.86786076,TIPS,1.05159,F,F,YTM,TIPS INCOME ENGINE,0.0029,-1540.9000
VPS,912828SQ4,USTN TII .125% 4/15/17,2017-04-15,100,0.125,,F,,N,106.0762902,1,30,FUND 30,2014-12-01,-1244.0000,2685.9900,16494863.1300,15550000.0000,-568.5800,16295000.5000,2017-04-15,100,101.2265273,TIPS,1.04791,F,F,YTM,TIPS INCOME ENGINE,-0.0039,-1422.3300
VPS,912828TE0,USTN TII .125% 7/15/22,2022-07-15,100,0.125,,F,,N,102.4163011,1,30,FUND 30,2014-12-01,-1244.0000,7653.5200,15925734.8200,15550000.0000,-408.3800,16094250.0000,2022-07-15,100,98.95294792,TIPS,1.035,F,F,YTM,TIPS INCOME ENGINE,0.0026,-1127.2200
VPS,912828UH1,USTN TII .125 1/15/23,2023-01-15,100,0.125,,F,,N,101.1089046,1,30,FUND 30,2014-12-01,-1016.0000,6227.5300,12840830.8800,12700000.0000,-283.0100,13095605.0000,2023-01-15,100,98.05450672,TIPS,1.03115,F,F,YTM,TIPS INCOME ENGINE,0.0037,-884.5500
VPS,912828UX6,USTN TII .125% 04/15/18,2018-04-15,100,0.125,,F,,N,104.0500138,1,30,FUND 30,2014-12-01,-820.0000,1739.6400,10665126.4100,10250000.0000,-242.7200,10553810.0000,2018-04-15,100,101.054751,TIPS,1.02964,F,F,YTM,TIPS INCOME ENGINE,-0.0019,-875.3000
VPS,912828VM9,USTN TII .375% 07/15/23,2023-07-15,100,0.375,,F,,N,102.4907367,1,30,FUND 30,2014-12-01,-928.0000,16925.4000,11888925.4600,11600000.0000,13.9300,11863900.0000,2023-07-15,100,100.2109379,TIPS,1.02275,F,F,YTM,TIPS INCOME ENGINE,0.0035,-812.2000
VPS,912828WU0,USTN TII 0.125% 07/15/24,2024-07-15,100,0.125,,F,,N,97.5832657,1,30,FUND 30,2014-12-01,-1496.0000,8913.8300,18248070.6900,18700000.0000,114.9000,18744506.0000,2024-07-15,100,97.35156897,TIPS,1.00238,F,F,YTM,TIPS INCOME ENGINE,0.0041,-1290.1400
VPS,BBDR7T2,UK GILT I/L 0.125 11/22/1,2019-11-22,100,0.125,,F,,N,110.5044636,0.6353442,31,FUND 31,2014-12-01, -   ,353.9400,11326707.5200,10250000.0000, -   ,10250000.0000,2019-11-22,100,110.5044636,TIPS,1,F,F,YTM,TIPS INCOME ENGINE,-0.0188,-930.7100
VPS,B85SFQ5,UK GILT I/L 3MO 0.125 3/2,2024-03-22,100,0.125,,F,,N,116.3048535,0.6353442,31,FUND 31,2014-12-01, -   ,4265.8800,20237044.5100,17400000.0000, -   ,17400000.0000,2024-03-22,100,116.3048535,TIPS,1,F,F,YTM,TIPS INCOME ENGINE,-0.0150,-1327.9600
VPS,912810RF7,USTN TII 1.375% 02/15/44,2044-02-15,100,1.375,,F,,N,113.2000297,1,32,FUND 32,2014-12-01,-1737.3600,90326.1000,24583650.4500,21717000.0000,-232.9600,22178486.2500,2044-02-15,100,110.8445823,TIPS,1.02125,F,F,YTM,TIPS INCOME ENGINE,0.0095,-1086.9500
VPS,BBDR7T2,UK GILT I/L 0.125 11/22/1,2019-11-22,100,0.125,,F,,N,110.5044636,0.6353442,33,FUND 33,2014-12-01, -   ,500.6900,16023147.2200,14500000.0000, -   ,14500000.0000,2019-11-22,100,110.5044636,TIPS,1,F,F,YTM,TIPS INCOME ENGINE,-0.0188,-1316.6100
VPS,B85SFQ5,UK GILT I/L 3MO 0.125 3/2,2024-03-22,100,0.125,,F,,N,116.3048535,0.6353442,33,FUND 33,2014-12-01, -   ,4780.7300,22679446.4300,19500000.0000, -   ,19500000.0000,2024-03-22,100,116.3048535,TIPS,1,F,F,YTM,TIPS INCOME ENGINE,-0.0150,-1488.2300
VPS,912810RF7,USTN TII 1.375% 02/15/44,2044-02-15,100,1.375,,F,,N,113.2000297,1,34,FUND 34,2014-12-01,-1940.6400,100894.7200,27460063.2000,24258000.0000,-259.3400,24773482.5000,2044-02-15,100,110.8445823,TIPS,1.02125,F,F,YTM,TIPS INCOME ENGINE,0.0095,-1214.1300
VPS,912810RF7,USTN TII 1.375% 02/15/44,2044-02-15,100,1.375,,F,,N,113.2000297,1,35,FUND 35,2014-12-01,-8732.0000,453980.4900,123557832.4200,109150000.0000,-883.8200,111469437.5000,2044-02-15,100,110.8445823,TIPS,1.02125,F,F,YTM,TIPS INCOME ENGINE,0.0095,-5463.0400
VPS,912828WU0,USTN TII 0.125% 07/15/24,2024-07-15,100,0.125,,F,,N,97.5832657,1,35,FUND 35,2014-12-01,-10193.8400,60739.3900,124343524.6500,127423000.0000,1229.4700,127726266.7400,2024-07-15,100,97.35156897,TIPS,1.00238,F,F,YTM,TIPS INCOME ENGINE,0.0041,-8791.0800
VPS,912828EA4,USTN TII 1.875% 7/15/15,2015-07-15,100,1.875,,F,,N,123.8568388,1,36,FUND 36,2014-12-01,-343.0000,29938.6900,4248289.5700,3430000.0000,-403.2400,4197119.5000,2015-07-15,100,101.2191712,TIPS,1.22365,F,F,YTM,TIPS INCOME ENGINE,-0.0008,-352.9100
VPS,912828MY3,USTN TII .5% 4/15/15,2015-04-15,100,0.5,,F,,N,109.1505187,1,36,FUND 36,2014-12-01,-298.8000,2404.1500,3623797.2200,3320000.0000,-175.5700,3646289.6000,2015-04-15,100,99.38314337,TIPS,1.09828,F,F,YTM,TIPS INCOME ENGINE,0.0217,-80.3000
VPS,912828SQ4,USTN TII .125% 4/15/17,2017-04-15,100,0.125,,F,,N,106.0762902,1,36,FUND 36,2014-12-01,-779.5900,1683.2800,10337134.4800,9745000.0000,-316.7900,10211882.9500,2017-04-15,100,101.2265273,TIPS,1.04791,F,F,YTM,TIPS INCOME ENGINE,-0.0039,-891.3500
VRDN,57586EKA8,MA HEFA BAYST HLTH09K2 L=,2039-07-01,100,4.9592404,,V,,N,102.645,1,2,FUND 2,2014-12-01, -   ,146467.4300,7185150.0000,7000000.0000,-45.6900,7000000.0000,2039-07-01,100,102.645,MUNI,1,F,F,COUPON RATE,VARIABLE RATE MUNI INCOME ENGINE,0.0496,918.6100
VRDN,64966KPV9,NYC GO FISCAL 08J8 L=SM V,2021-08-01,100,0.4199982,,V,,N,100.013,1,2,FUND 2,2014-12-01, -   ,56.3800,4900637.0000,4900000.0000, -   ,4900000.0000,2021-08-01,100,100.013,MUNI,1,F,F,COUPON RATE,VARIABLE RATE MUNI INCOME ENGINE,0.0042,57.1700
VRDN,64966KPV9,NYC GO FISCAL 08J8 L=SM V,2021-08-01,100,0.4199982,,V,,N,100.013,1,8,FUND 8,2014-12-01, -   ,86.3000,7500975.0000,7500000.0000, -   ,7500000.0000,2021-08-01,100,100.013,MUNI,1,F,F,COUPON RATE,VARIABLE RATE MUNI INCOME ENGINE,0.0042,87.5000
VRDN,790103AH8,STJMS PRSH LA GO NUCOR10B,2040-11-01,100,0.2200001,,V,,N,100,1,8,FUND 8,2014-12-01, -   ,192.8800,32000000.0000,32000000.0000, -   ,32000000.0000,2040-11-01,100,100,MUNI,1,F,F,COUPON RATE,VARIABLE RATE MUNI INCOME ENGINE,0.0022,195.5600
VRDN,01170PBX3,AK HSG 2007D Q=LW-U V7,2041-12-01,100,0.1500004,,V,,N,100,1,18,FUND 18,2014-12-01, -   ,261.1400,63545000.0000,63545000.0000, -   ,63545000.0000,2041-12-01,100,100,MUNI,1,F,F,COUPON RATE,VARIABLE RATE MUNI INCOME ENGINE,0.0015,264.7700
VRDN,084185DB0,BERKELEY SC IND (NUCOR) 9,2028-09-01,100,0.2300011,,V,,N,100,1,18,FUND 18,2014-12-01, -   ,1.2600,200000.0000,200000.0000, -   ,200000.0000,2028-09-01,100,100,MUNI,1,F,F,COUPON RATE,VARIABLE RATE MUNI INCOME ENGINE,0.0023,1.2800
VRDN,1808475V3,CLARK COUNTY NV 08A Q=LW-,2027-07-01,100,0.1299984,,V,,N,100,1,18,FUND 18,2014-12-01, -   ,14265.8300,21805000.0000,21805000.0000, -   ,21805000.0000,2027-07-01,100,100,MUNI,1,F,F,COUPON RATE,VARIABLE RATE MUNI INCOME ENGINE,0.0013,78.7400
VRDN,213185FW6,COOK CY IL 2004D Q=BC V7,2030-11-01,100,0.4999989,,V,,N,100,1,18,FUND 18,2014-12-01, -   ,1780.8200,130000000.0000,130000000.0000, -   ,130000000.0000,2030-11-01,100,100,MUNI,1,F,F,COUPON RATE,VARIABLE RATE MUNI INCOME ENGINE,0.0050,1805.5500
VRDN,242846AA1,DECATUR AL IDB NUCOR VR7@,2036-08-01,100,0.2300011,,V,,N,100,1,18,FUND 18,2014-12-01, -   ,145.9400,23160000.0000,23160000.0000, -   ,23160000.0000,2036-08-01,100,100,MUNI,1,F,F,COUPON RATE,VARIABLE RATE MUNI INCOME ENGINE,0.0023,147.9700
VRDN,25477PBZ7,DC HFA(WDC I LTD)00 L=SB,2032-12-01,100,0.20000175,,V,,N,100,1,18,FUND 18,2014-12-01, -   ,31.5900,5765000.0000,5765000.0000, -   ,5765000.0000,2032-12-01,100,100,MUNI,1,F,F,COUPON RATE,VARIABLE RATE MUNI INCOME ENGINE,0.0020,32.0300
VRDN,454912AT3,IN ST DFA ENV DUKE ENRGY,2038-12-01,100,0.26000045,,V,,N,100,1,18,FUND 18,2014-12-01, -   ,70.8800,9950000.0000,9950000.0000, -   ,9950000.0000,2038-12-01,100,100,MUNI,1,F,F,COUPON RATE,VARIABLE RATE MUNI INCOME ENGINE,0.0026,71.8600
VRDN,544628DU1,LA CA AIRPRT AIR FRNC L=S,2015-12-01,100,0.3899988,,V,,N,100,1,18,FUND 18,2014-12-01, -   ,15.4400,1425000.0000,1425000.0000, -   ,1425000.0000,2015-12-01,100,100,MUNI,1,F,F,COUPON RATE,VARIABLE RATE MUNI INCOME ENGINE,0.0039,15.4400
VRDN,58612AAB1,MEMPHIS-SHEL TN NUCOR 07,2037-09-01,100,0.2300011,,V,,N,100,1,18,FUND 18,2014-12-01, -   ,18.9000,3000000.0000,3000000.0000, -   ,3000000.0000,2037-09-01,100,100,MUNI,1,F,F,COUPON RATE,VARIABLE RATE MUNI INCOME ENGINE,0.0023,19.1700
VRDN,64966G2N1,NYC NY Q=DX V7,2029-08-01,100,0.3499985,,V,,N,100,1,18,FUND 18,2014-12-01, -   ,366.6800,38240000.0000,38240000.0000, -   ,38240000.0000,2029-08-01,100,100,MUNI,1,F,F,COUPON RATE,VARIABLE RATE MUNI INCOME ENGINE,0.0035,371.7800
VRDN,735220AG0,PORT ART TX MOTIVA VR7@,2027-12-01,100,0.1600014,,V,,N,100,1,18,FUND 18,2014-12-01, -   ,66.3200,15130000.0000,15130000.0000, -   ,15130000.0000,2027-12-01,100,100,MUNI,1,F,F,COUPON RATE,VARIABLE RATE MUNI INCOME ENGINE,0.0016,67.2500
VRDN,735220AR6,PORT ARTH NAV TX MOTIVA V,2039-12-01,100,0.1500004,,V,,N,100,1,18,FUND 18,2014-12-01, -   ,9.4500,2300000.0000,2300000.0000, -   ,2300000.0000,2039-12-01,100,100,MUNI,1,F,F,COUPON RATE,VARIABLE RATE MUNI INCOME ENGINE,0.0015,9.5800
VRDN,735220AS4,PORT ARTH NAV TX V1,2039-12-01,100,0.1500004,,V,,N,100,1,18,FUND 18,2014-12-01, -   ,43.9700,10700000.0000,10700000.0000, -   ,10700000.0000,2039-12-01,100,100,MUNI,1,F,F,COUPON RATE,VARIABLE RATE MUNI INCOME ENGINE,0.0015,44.5800
VRDN,735220AT2,PORT PORT ARTHR TX(MOTV)1,2040-04-01,100,0.1500004,,V,,N,100,1,18,FUND 18,2014-12-01, -   ,207.0200,50375000.0000,50375000.0000, -   ,50375000.0000,2040-04-01,100,100,MUNI,1,F,F,COUPON RATE,VARIABLE RATE MUNI INCOME ENGINE,0.0015,209.9000
VRDN,735220AU9,PORT PORT ARTHR TX(MOTV)1,2040-04-01,100,0.1500004,,V,,N,100,1,18,FUND 18,2014-12-01, -   ,126.6400,30815000.0000,30815000.0000, -   ,30815000.0000,2040-04-01,100,100,MUNI,1,F,F,COUPON RATE,VARIABLE RATE MUNI INCOME ENGINE,0.0015,128.4000
VRDN,735220AV7,PORT PORT ARTHR TX(MOTV)1,2040-04-01,100,0.1500004,,V,,N,100,1,18,FUND 18,2014-12-01, -   ,273.7000,66600000.0000,66600000.0000, -   ,66600000.0000,2040-04-01,100,100,MUNI,1,F,F,COUPON RATE,VARIABLE RATE MUNI INCOME ENGINE,0.0015,277.5000
VRDN,735220AX3,PRT ARTHR TX MTVA10D Q=SE,2040-11-01,100,0.1500004,,V,,N,100,1,18,FUND 18,2014-12-01, -   ,41.1000,10000000.0000,10000000.0000, -   ,10000000.0000,2040-11-01,100,100,MUNI,1,F,F,COUPON RATE,VARIABLE RATE MUNI INCOME ENGINE,0.0015,41.6700
VRDN,790103AG0,STJMS PRSH LA GO NUCOR10A,2040-11-01,100,0.20000175,,V,,N,100,1,18,FUND 18,2014-12-01, -   ,63.2900,11550000.0000,11550000.0000, -   ,11550000.0000,2040-11-01,100,100,MUNI,1,F,F,COUPON RATE,VARIABLE RATE MUNI INCOME ENGINE,0.0020,64.1700
VRDN,790103AH8,STJMS PRSH LA GO NUCOR10B,2040-11-01,100,0.2200001,,V,,N,100,1,18,FUND 18,2014-12-01, -   ,283.8900,47100000.0000,47100000.0000, -   ,47100000.0000,2040-11-01,100,100,MUNI,1,F,F,COUPON RATE,VARIABLE RATE MUNI INCOME ENGINE,0.0022,287.8300
VRDN,854743AE1,STANTON CNTY NE (NUCOR) 9,2028-06-01,100,0.2300011,,V,,N,100,1,18,FUND 18,2014-12-01, -   ,7.5600,1200000.0000,1200000.0000, -   ,1200000.0000,2028-06-01,100,100,MUNI,1,F,F,COUPON RATE,VARIABLE RATE MUNI INCOME ENGINE,0.0023,7.6700
VRDN,013551AA4,ALBUQ NM INDL 98 L=BA V7@,2018-06-01,100,0.24999945,,V,,N,100,1,22,FUND 22,2014-12-01, -   ,4.7900,700000.0000,700000.0000, -   ,700000.0000,2018-06-01,100,100,MUNI,1,F,F,COUPON RATE,VARIABLE RATE MUNI INCOME ENGINE,0.0025,4.8600
VRDN,123592CS4,BTLR PA CNCRD LTH12A L=BM,2042-10-01,100,0.23999845,,V,,N,100,1,22,FUND 22,2014-12-01, -   ,1.9700,300000.0000,300000.0000, -   ,300000.0000,2042-10-01,100,100,MUNI,1,F,F,COUPON RATE,VARIABLE RATE MUNI INCOME ENGINE,0.0024,2.0000
VRDN,16768THJ6,CHIC IL SLS TAX 02 Q=JP V,2034-01-01,100,0.19000075,,V,,N,100,1,22,FUND 22,2014-12-01, -   ,4.1600,800000.0000,800000.0000, -   ,800000.0000,2034-01-01,100,100,MUNI,1,F,F,COUPON RATE,VARIABLE RATE MUNI INCOME ENGINE,0.0019,4.2200
VRDN,212490AC0,CNVRSE CNTY WY PACIFICO 9,2025-11-01,100,0.24999945,,V,,N,100,1,22,FUND 22,2014-12-01, -   ,5.4800,800000.0000,800000.0000, -   ,800000.0000,2025-11-01,100,100,MUNI,1,F,F,COUPON RATE,VARIABLE RATE MUNI INCOME ENGINE,0.0025,5.5600
VRDN,238604AC6,DAVIDSON CNTY L=BA V7@+,2017-06-01,100,0.24999945,,V,,N,100,1,22,FUND 22,2014-12-01, -   ,2.7400,400000.0000,400000.0000, -   ,400000.0000,2017-06-01,100,100,MUNI,1,F,F,COUPON RATE,VARIABLE RATE MUNI INCOME ENGINE,0.0025,2.7800
VRDN,246579AF3,DE VLY PA 85C POOL L=BL-U,2020-12-01,100,0.26000045,,V,,N,100,1,22,FUND 22,2014-12-01, -   ,7.1200,1000000.0000,1000000.0000, -   ,1000000.0000,2020-12-01,100,100,MUNI,1,F,F,COUPON RATE,VARIABLE RATE MUNI INCOME ENGINE,0.0026,7.2200
VRDN,34073NSW1,FL HFC  L=SB V7@,2034-04-01,100,0.26000045,,V,,N,100,1,22,FUND 22,2014-12-01, -   ,281.8100,1480000.0000,1480000.0000, -   ,1480000.0000,2034-04-01,100,100,MUNI,1,F,F,COUPON RATE,VARIABLE RATE MUNI INCOME ENGINE,0.0026,10.6900
VRDN,34073NZV5,FL HSG STURT PT 05B3 L=SB,2034-04-01,100,0.26000045,,V,,N,100,1,22,FUND 22,2014-12-01, -   ,9.5200,50000.0000,50000.0000, -   ,50000.0000,2034-04-01,100,100,MUNI,1,F,F,COUPON RATE,VARIABLE RATE MUNI INCOME ENGINE,0.0026,0.3600
VRDN,353190TR2,FRNKLN OH GIRL SCOUT L=PN,2018-09-01,100,0.41000085,,V,,N,100,1,22,FUND 22,2014-12-01, -   ,1.0100,90000.0000,90000.0000, -   ,90000.0000,2018-09-01,100,100,MUNI,1,F,F,COUPON RATE,VARIABLE RATE MUNI INCOME ENGINE,0.0041,1.0300
VRDN,36004PAD6,FULTON GA 00 L=BN V7,2020-07-01,100,0.1399994,,V,,N,100,1,22,FUND 22,2014-12-01, -   ,25.1500,100000.0000,100000.0000, -   ,100000.0000,2020-07-01,100,100,MUNI,1,F,F,COUPON RATE,VARIABLE RATE MUNI INCOME ENGINE,0.0014,0.3900
VRDN,452252AP4,IL ST TOLL 98-B FSA/LH-G,2016-01-01,100,0.2300011,,V,,N,100,1,22,FUND 22,2014-12-01, -   ,2803.0200,2600000.0000,2600000.0000, -   ,2600000.0000,2016-01-01,100,100,MUNI,1,F,F,COUPON RATE,VARIABLE RATE MUNI INCOME ENGINE,0.0023,16.6100
VRDN,452252AQ2,IL ST TOLL 98-B FSA/LH-G,2017-01-01,100,0.2300011,,V,,N,100,1,22,FUND 22,2014-12-01, -   ,2533.4900,2350000.0000,2350000.0000, -   ,2350000.0000,2017-01-01,100,100,MUNI,1,F,F,COUPON RATE,VARIABLE RATE MUNI INCOME ENGINE,0.0023,15.0100
VRDN,454798DY2,IN ST HLTH PTHFNDR 96 L=W,2019-11-01,100,0.1399994,,V,,N,100,1,22,FUND 22,2014-12-01, -   ,3.2400,845000.0000,845000.0000, -   ,845000.0000,2019-11-01,100,100,MUNI,1,F,F,COUPON RATE,VARIABLE RATE MUNI INCOME ENGINE,0.0014,3.2900
VRDN,454912AS5,IN ST DFA ENV DUKE ENRGY,2038-12-01,100,0.34000115,,V,,N,100,1,22,FUND 22,2014-12-01, -   ,14.9000,1600000.0000,1600000.0000, -   ,1600000.0000,2038-12-01,100,100,MUNI,1,F,F,COUPON RATE,VARIABLE RATE MUNI INCOME ENGINE,0.0034,15.1100
VRDN,454912AT3,IN ST DFA ENV DUKE ENRGY,2038-12-01,100,0.26000045,,V,,N,100,1,22,FUND 22,2014-12-01, -   ,68.2400,9580000.0000,9580000.0000, -   ,9580000.0000,2038-12-01,100,100,MUNI,1,F,F,COUPON RATE,VARIABLE RATE MUNI INCOME ENGINE,0.0026,69.1900
VRDN,494434AA1,KIMBERLY WI YMCA 02 L=BMH,2032-04-01,100,0.4400002,,V,,N,100,1,22,FUND 22,2014-12-01, -   ,2.4100,200000.0000,200000.0000, -   ,200000.0000,2032-04-01,100,100,MUNI,1,F,F,COUPON RATE,VARIABLE RATE MUNI INCOME ENGINE,0.0044,2.4400
VRDN,547701AA0,LOWELL MI LITEHOUSE L=FIT,2033-08-01,100,0.4400002,,V,,N,100,1,22,FUND 22,2014-12-01, -   ,1.2100,100000.0000,100000.0000, -   ,100000.0000,2033-08-01,100,100,MUNI,1,F,F,COUPON RATE,VARIABLE RATE MUNI INCOME ENGINE,0.0044,1.2200
VRDN,550697TC0,LUZERNE PA SER A AGM/JP V,2026-11-15,100,0.6499993,,V,,N,100,1,22,FUND 22,2014-12-01, -   ,327.6700,1150000.0000,1150000.0000, -   ,1150000.0000,2026-11-15,100,100,MUNI,1,F,F,COUPON RATE,VARIABLE RATE MUNI INCOME ENGINE,0.0065,20.7600
VRDN,574216PH4,MD HEFA BALT MED Q=MT V7,2025-07-01,100,0.2300011,,V,,N,100,1,22,FUND 22,2014-12-01, -   ,17.3300,2750000.0000,2750000.0000, -   ,2750000.0000,2025-07-01,100,100,MUNI,1,F,F,COUPON RATE,VARIABLE RATE MUNI INCOME ENGINE,0.0023,17.5700
VRDN,57583UBQ0,MA ST DFA JRC 11A L=CZ V7,2041-04-01,100,0.2300011,,V,,N,100,1,22,FUND 22,2014-12-01, -   ,5.6700,900000.0000,900000.0000, -   ,900000.0000,2041-04-01,100,100,MUNI,1,F,F,COUPON RATE,VARIABLE RATE MUNI INCOME ENGINE,0.0023,5.7500
VRDN,59469CN82,MI STRAT KAY SCREEN L=JP,2020-05-01,100,0.2899998,,V,,N,100,1,22,FUND 22,2014-12-01, -   ,1.5900,200000.0000,200000.0000, -   ,200000.0000,2020-05-01,100,100,MUNI,1,F,F,COUPON RATE,VARIABLE RATE MUNI INCOME ENGINE,0.0029,1.6100
VRDN,59469CS95,MI STRAT CRS IND 00A L=JP,2020-07-01,100,0.49000155,,V,,N,100,1,22,FUND 22,2014-12-01, -   ,0.4700,35000.0000,35000.0000, -   ,35000.0000,2020-07-01,100,100,MUNI,1,F,F,COUPON RATE,VARIABLE RATE MUNI INCOME ENGINE,0.0049,0.4800
VRDN,59469CUD3,MI STRAT GRANT IN 98 L=JP,2018-05-01,100,0.4400002,,V,,N,100,1,22,FUND 22,2014-12-01, -   ,1.2100,100000.0000,100000.0000, -   ,100000.0000,2018-05-01,100,100,MUNI,1,F,F,COUPON RATE,VARIABLE RATE MUNI INCOME ENGINE,0.0044,1.2200
VRDN,605279DY1,MS ST BFC REV 2002A L=COB,2022-10-01,100,0.23999845,,V,,N,100,1,22,FUND 22,2014-12-01, -   ,5.9200,900000.0000,900000.0000, -   ,900000.0000,2022-10-01,100,100,MUNI,1,F,F,COUPON RATE,VARIABLE RATE MUNI INCOME ENGINE,0.0024,6.0000
VRDN,64468KBJ4,NH BFA VY REGL HOSP L=RBS,2040-10-01,100,0.17999975,,V,,N,100,1,22,FUND 22,2014-12-01, -   ,12.0300,2440000.0000,2440000.0000, -   ,2440000.0000,2040-10-01,100,100,MUNI,1,F,F,COUPON RATE,VARIABLE RATE MUNI INCOME ENGINE,0.0018,12.2000
VRDN,646065SM5,NJ EFA 08F L=CZ V7,2036-07-01,100,0.24999945,,V,,N,100,1,22,FUND 22,2014-12-01, -   ,8.2200,1200000.0000,1200000.0000, -   ,1200000.0000,2036-07-01,100,100,MUNI,1,F,F,COUPON RATE,VARIABLE RATE MUNI INCOME ENGINE,0.0025,8.3300
VRDN,657013AA6,NORTH AMITY NY 2003 L=CI,2023-09-01,100,0.20000175,,V,,N,100,1,22,FUND 22,2014-12-01, -   ,0.5500,100000.0000,100000.0000, -   ,100000.0000,2023-09-01,100,100,MUNI,1,F,F,COUPON RATE,VARIABLE RATE MUNI INCOME ENGINE,0.0020,0.5600
VRDN,65818PCA5,NC EDL FACS REV 03 L=BB V,2025-02-01,100,0.1399994,,V,,N,100,1,22,FUND 22,2014-12-01, -   ,1.1500,300000.0000,300000.0000, -   ,300000.0000,2025-02-01,100,100,MUNI,1,F,F,COUPON RATE,VARIABLE RATE MUNI INCOME ENGINE,0.0014,1.1700
VRDN,735220AQ8,PORT ARTH NAV TX MOTIVA V,2039-12-01,100,0.1500004,,V,,N,100,1,22,FUND 22,2014-12-01, -   ,13.1500,3200000.0000,3200000.0000, -   ,3200000.0000,2039-12-01,100,100,MUNI,1,F,F,COUPON RATE,VARIABLE RATE MUNI INCOME ENGINE,0.0015,13.3300
VRDN,735220AR6,PORT ARTH NAV TX MOTIVA V,2039-12-01,100,0.1500004,,V,,N,100,1,22,FUND 22,2014-12-01, -   ,0.7400,180000.0000,180000.0000, -   ,180000.0000,2039-12-01,100,100,MUNI,1,F,F,COUPON RATE,VARIABLE RATE MUNI INCOME ENGINE,0.0015,0.7500
VRDN,735220AS4,PORT ARTH NAV TX V1,2039-12-01,100,0.1500004,,V,,N,100,1,22,FUND 22,2014-12-01, -   ,17.6900,4305000.0000,4305000.0000, -   ,4305000.0000,2039-12-01,100,100,MUNI,1,F,F,COUPON RATE,VARIABLE RATE MUNI INCOME ENGINE,0.0015,17.9400
VRDN,735220AT2,PORT PORT ARTHR TX(MOTV)1,2040-04-01,100,0.1500004,,V,,N,100,1,22,FUND 22,2014-12-01, -   ,5.1000,1240000.0000,1240000.0000, -   ,1240000.0000,2040-04-01,100,100,MUNI,1,F,F,COUPON RATE,VARIABLE RATE MUNI INCOME ENGINE,0.0015,5.1700
VRDN,735220AU9,PORT PORT ARTHR TX(MOTV)1,2040-04-01,100,0.1500004,,V,,N,100,1,22,FUND 22,2014-12-01, -   ,7.4000,1800000.0000,1800000.0000, -   ,1800000.0000,2040-04-01,100,100,MUNI,1,F,F,COUPON RATE,VARIABLE RATE MUNI INCOME ENGINE,0.0015,7.5000
VRDN,735220AV7,PORT PORT ARTHR TX(MOTV)1,2040-04-01,100,0.1500004,,V,,N,100,1,22,FUND 22,2014-12-01, -   ,7.3200,1780000.0000,1780000.0000, -   ,1780000.0000,2040-04-01,100,100,MUNI,1,F,F,COUPON RATE,VARIABLE RATE MUNI INCOME ENGINE,0.0015,7.4200
VRDN,735220AW5,PRT ARTHR TX MTVA10E Q=SE,2040-11-01,100,0.1500004,,V,,N,100,1,22,FUND 22,2014-12-01, -   ,12.0800,2940000.0000,2940000.0000, -   ,2940000.0000,2040-11-01,100,100,MUNI,1,F,F,COUPON RATE,VARIABLE RATE MUNI INCOME ENGINE,0.0015,12.2500
VRDN,735220AX3,PRT ARTHR TX MTVA10D Q=SE,2040-11-01,100,0.1500004,,V,,N,100,1,22,FUND 22,2014-12-01, -   ,15.7000,3820000.0000,3820000.0000, -   ,3820000.0000,2040-11-01,100,100,MUNI,1,F,F,COUPON RATE,VARIABLE RATE MUNI INCOME ENGINE,0.0015,15.9200
VRDN,762195CX1,RI H&ED BLDG ED 07 L=CZ V,2037-09-01,100,0.24999945,,V,,N,100,1,22,FUND 22,2014-12-01, -   ,4.9300,720000.0000,720000.0000, -   ,720000.0000,2037-09-01,100,100,MUNI,1,F,F,COUPON RATE,VARIABLE RATE MUNI INCOME ENGINE,0.0025,5.0000
VRDN,762197CH2,RI HLTH&EDL PROVIDENCE L=,2036-11-01,100,0.20000175,,V,,N,100,1,22,FUND 22,2014-12-01, -   ,18.7700,100000.0000,100000.0000, -   ,100000.0000,2036-11-01,100,100,MUNI,1,F,F,COUPON RATE,VARIABLE RATE MUNI INCOME ENGINE,0.0020,0.5600
VRDN,762243LB7,RI H&E BLDG CO 05A L=CZ V,2035-04-01,100,0.20000175,,V,,N,100,1,22,FUND 22,2014-12-01, -   ,1.7300,315000.0000,315000.0000, -   ,315000.0000,2035-04-01,100,100,MUNI,1,F,F,COUPON RATE,VARIABLE RATE MUNI INCOME ENGINE,0.0020,1.7500
VRDN,762243LT8,RI H&E BLDG CO 05 L=CZ V1,2035-06-01,100,0.17999975,,V,,N,100,1,22,FUND 22,2014-12-01, -   ,2.9100,590000.0000,590000.0000, -   ,590000.0000,2035-06-01,100,100,MUNI,1,F,F,COUPON RATE,VARIABLE RATE MUNI INCOME ENGINE,0.0018,2.9500
VRDN,790103AG0,STJMS PRSH LA GO NUCOR10A,2040-11-01,100,0.20000175,,V,,N,100,1,22,FUND 22,2014-12-01, -   ,10.9600,2000000.0000,2000000.0000, -   ,2000000.0000,2040-11-01,100,100,MUNI,1,F,F,COUPON RATE,VARIABLE RATE MUNI INCOME ENGINE,0.0020,11.1100
VRDN,790103AH8,STJMS PRSH LA GO NUCOR10B,2040-11-01,100,0.2200001,,V,,N,100,1,22,FUND 22,2014-12-01, -   ,18.6800,3100000.0000,3100000.0000, -   ,3100000.0000,2040-11-01,100,100,MUNI,1,F,F,COUPON RATE,VARIABLE RATE MUNI INCOME ENGINE,0.0022,18.9400
VRDN,80483CGN5,SAVANNAH GA 06 L=SB V7,2026-11-01,100,0.19000075,,V,,N,100,1,22,FUND 22,2014-12-01, -   ,48.3700,335000.0000,335000.0000, -   ,335000.0000,2026-11-01,100,100,MUNI,1,F,F,COUPON RATE,VARIABLE RATE MUNI INCOME ENGINE,0.0019,1.7700
VRDN,903772AV3,ULSTER NY SELUX 04 L=MT V,2024-12-01,100,0.2899998,,V,,N,100,1,22,FUND 22,2014-12-01, -   ,2.9000,365000.0000,365000.0000, -   ,365000.0000,2024-12-01,100,100,MUNI,1,F,F,COUPON RATE,VARIABLE RATE MUNI INCOME ENGINE,0.0029,2.9400
DVRN,59259YAR0,NY MTA TRANSP DVRN,2032-11-15,100,0.2899998,,V,,N,100,1,18,FUND 18,2014-12-01, -   ,3127.9500,23300000.0000,23300000.0000, -   ,23300000.0000,2032-11-15,100,100,MUNI,1,F,F,COUPON RATE,VARIABLE RATE MUNI INCOME ENGINE,0.0029,187.6900
DVRN,93978HHQ1,WA HLT CHI 2015-XF2035 Q=,2036-10-01,100,0.2099991,,V,,N,100,1,18,FUND 18,2014-12-01, -   ,4634.8400,12855000.0000,12855000.0000, -   ,12855000.0000,2036-10-01,100,100,MUNI,1,F,F,COUPON RATE,VARIABLE RATE MUNI INCOME ENGINE,0.0021,74.9900
DVRN,25154CA20,PR SALE T D352 E-AMBAC/DB,2054-08-01,100,0.5699986,,V,,N,100,1,22,FUND 22,2014-12-01, -   ,638.7500,330000.0000,330000.0000, -   ,330000.0000,2054-08-01,100,100,MUNI,1,F,F,COUPON RATE,VARIABLE RATE MUNI INCOME ENGINE,0.0057,5.2200
DVRN,25154CMA9,PR SALE T D284 ENTL/EFG/D,2041-08-01,100,0.5699986,,V,,N,100,1,22,FUND 22,2014-12-01, -   ,493.5800,255000.0000,255000.0000, -   ,255000.0000,2041-08-01,100,100,MUNI,1,F,F,COUPON RATE,VARIABLE RATE MUNI INCOME ENGINE,0.0057,4.0400
DVRN,25154CMC5,DEUTSCHE BK 285 Q=DB D7,2042-08-01,100,0.5699986,,V,,N,100,1,22,FUND 22,2014-12-01, -   ,5719.7400,2955000.0000,2955000.0000, -   ,2955000.0000,2042-08-01,100,100,MUNI,1,F,F,COUPON RATE,VARIABLE RATE MUNI INCOME ENGINE,0.0057,46.7900
DVRN,25154CQT4,DEUTSCHE BK SPR DVRN,2036-01-01,100,0.27000145,,V,,N,100,1,22,FUND 22,2014-12-01, -   ,2650.4100,2800000.0000,2800000.0000, -   ,2800000.0000,2036-01-01,100,100,MUNI,1,F,F,COUPON RATE,VARIABLE RATE MUNI INCOME ENGINE,0.0027,21.0000
DVRN,25155DL33,DEUTSCHE SPEARS DB/DB D7@,2033-12-01,100,0.3000008,,V,,N,100,1,22,FUND 22,2014-12-01, -   ,8.2200,1000000.0000,1000000.0000, -   ,1000000.0000,2033-12-01,100,100,MUNI,1,F,F,COUPON RATE,VARIABLE RATE MUNI INCOME ENGINE,0.0030,8.3300
DVRN,46640KRE6,SN FRN AP -4478Z Q=JPMC D,2044-05-01,100,0.23999845,,V,,N,100,1,22,FUND 22,2014-12-01, -   ,209.0400,1000000.0000,1000000.0000, -   ,1000000.0000,2044-05-01,100,100,MUNI,1,F,F,COUPON RATE,VARIABLE RATE MUNI INCOME ENGINE,0.0024,6.6700
DVRN,64579FYG2,VIRTUA HTH NJ MS3018 AGC/,2038-07-01,100,0.4299992,,V,,N,100,1,22,FUND 22,2014-12-01, -   ,3215.1000,1750725.0000,1750725.0000, -   ,1750725.0000,2038-07-01,100,100,MUNI,1,F,F,COUPON RATE,VARIABLE RATE MUNI INCOME ENGINE,0.0043,20.9100
DVRN,87638QBX6,TARRANT EFFC HO DVRN,2029-11-15,100,0.23999845,,V,,N,100,1,22,FUND 22,2014-12-01, -   ,310.6800,2700000.0000,2700000.0000, -   ,2700000.0000,2029-11-15,100,100,MUNI,1,F,F,COUPON RATE,VARIABLE RATE MUNI INCOME ENGINE,0.0024,18.0000
DVRN,93978HHQ1,WA HLT CHI 2015-XF2035 Q=,2036-10-01,100,0.2099991,,V,,N,100,1,22,FUND 22,2014-12-01, -   ,252.3800,700000.0000,700000.0000, -   ,700000.0000,2036-10-01,100,100,MUNI,1,F,F,COUPON RATE,VARIABLE RATE MUNI INCOME ENGINE,0.0021,4.0800
